ROI_FAMILY_ID,imputer,y_pred,status
79476974,mice,1,alive
79540779,mice,1,alive
79733218,mice,1,alive
79836425,mice,1,alive
79987970,mice,1,alive
80132970,mice,1,alive
80427172,mice,1,alive
80637978,mice,1,alive
80693179,mice,1,alive
81251944,mice,1,alive
81279374,mice,1,alive
81889172,mice,1,alive
82346974,mice,1,alive
82353574,mice,1,alive
82399171,mice,1,alive
83549576,mice,1,alive
83772186,mice,1,alive
83783977,mice,1,alive
84036797,mice,1,alive
84075902,mice,1,alive
84153170,mice,1,alive
84199579,mice,1,alive
84284371,mice,1,alive
84305697,mice,1,alive
84308378,mice,1,alive
84729995,mice,1,alive
84734979,mice,1,alive
84757574,mice,1,alive
85196798,mice,1,alive
85669976,mice,1,alive
86114576,mice,1,alive
86226370,mice,1,alive
86355567,mice,1,alive
86543576,mice,1,alive
86559788,mice,1,alive
86743978,mice,1,alive
86808177,mice,1,alive
87357778,mice,1,alive
87358370,mice,1,alive
87361572,mice,1,alive
87513776,mice,1,alive
87550372,mice,1,alive
87606380,mice,1,alive
87767208,mice,1,alive
87798575,mice,1,alive
87798773,mice,1,alive
87813374,mice,1,alive
88230974,mice,1,alive
88576764,mice,1,alive
88776208,mice,1,alive
88879176,mice,1,alive
88941174,mice,1,alive
89406789,mice,1,alive
89533376,mice,1,alive
89546865,mice,1,alive
85669976,mean,1,alive
86114576,mean,1,alive
86226370,mean,1,alive
86355567,mean,1,alive
86543576,mean,1,alive
86559788,mean,1,alive
86743978,mean,1,alive
86808177,mean,1,alive
87357778,mean,1,alive
87358370,mean,1,alive
87361572,mean,1,alive
87513776,mean,1,alive
87550372,mean,1,alive
87606380,mean,1,alive
87767208,mean,1,alive
37620051,mice,1,alive
37714136,mice,1,alive
37725009,mice,1,alive
37753118,mice,1,alive
37826997,mice,1,alive
37834223,mice,1,alive
37837143,mice,1,alive
37896123,mice,1,alive
37911195,mice,1,alive
37968674,mice,1,alive
38008900,mice,1,alive
87798575,mean,1,alive
87798773,mean,1,alive
87813374,mean,1,alive
88230974,mean,1,alive
38163119,mice,1,alive
88576764,mean,1,alive
88776208,mean,1,alive
88879176,mean,1,alive
88941174,mean,1,alive
89406789,mean,1,alive
89533376,mean,1,alive
89546865,mean,1,alive
89805972,mean,1,alive
89813372,mean,1,alive
90010794,mean,1,alive
90039876,mean,1,alive
90235227,mean,1,alive
90275892,mean,1,alive
90318866,mean,1,alive
90363839,mean,1,alive
90368465,mean,1,alive
90603184,mean,1,alive
90704537,mean,1,alive
90882192,mean,1,alive
90936378,mean,1,alive
90971037,mean,1,alive
91085373,mean,1,alive
100649467,median,1,alive
100656515,median,1,alive
100660690,median,1,alive
100660979,median,1,alive
100661112,median,1,alive
100661571,median,1,alive
100662688,median,1,alive
100664585,median,1,alive
38208542,mice,1,alive
38222618,mice,1,alive
100669018,median,1,alive
1797604,mice,1,alive
1799436,mice,1,alive
1803816,mice,1,alive
100676990,median,1,alive
38304986,mice,1,alive
38321253,mice,1,alive
100695015,median,1,alive
100716488,median,1,alive
1862036,mice,1,alive
1863794,mice,1,alive
1879949,mice,1,alive
38349825,mice,1,alive
38353785,mice,1,alive
38355731,mice,1,alive
38357943,mice,1,alive
38379467,mice,1,alive
38445581,mice,1,alive
1925429,mice,1,alive
38448429,mice,1,alive
38448494,mice,1,alive
100733455,median,1,alive
1956168,mice,1,alive
100744355,median,1,alive
100763742,median,1,alive
100763988,median,1,alive
100769507,median,1,alive
100773390,median,1,alive
100774320,median,1,alive
100776775,median,1,alive
100781423,median,1,alive
2226389,mice,1,alive
2227494,mice,1,alive
100784206,median,1,alive
100786244,median,1,alive
100787713,median,1,alive
100787783,median,1,alive
100788098,median,1,alive
38465803,mice,1,alive
38491759,mice,1,alive
100789651,median,1,alive
100790002,median,1,alive
100790250,median,1,alive
100790387,median,1,alive
100791977,median,1,alive
100792804,median,1,alive
9605536,mice,1,alive
38499547,mice,1,alive
100793568,median,1,alive
100793623,median,1,alive
100793703,median,1,alive
100793774,median,1,alive
100793797,median,1,alive
100793936,median,1,alive
100794289,median,1,alive
100794753,median,1,alive
100794790,median,1,alive
100794795,median,1,alive
100796307,median,1,alive
100796682,median,1,alive
2357960,mice,1,alive
5270921,mice,1,alive
100797388,median,1,alive
100797723,median,1,alive
5309067,mice,1,alive
2397198,mice,1,alive
9701574,mice,1,alive
55942601,mice,1,alive
56056484,mice,1,alive
2422194,mice,1,alive
38597688,mice,1,alive
9738824,mice,1,alive
38635058,mice,1,alive
100805456,median,1,alive
100805747,median,1,alive
2466480,mice,1,alive
2493492,mice,1,alive
100807528,median,1,alive
5379243,mice,1,alive
5385364,mice,1,alive
100809242,median,1,alive
100809521,median,1,alive
38690921,mice,1,alive
100810018,median,1,alive
2518801,mice,1,alive
2539930,mice,1,alive
100813357,median,1,alive
100814384,median,1,alive
100814609,median,1,alive
2587954,mice,1,alive
9804600,mice,1,alive
2604783,mice,1,alive
100817059,median,1,alive
100817128,median,1,alive
5864251,mean,1,alive
5866488,mean,1,alive
100818392,median,1,alive
56398878,mice,1,alive
56467582,mice,1,alive
100819320,median,1,alive
56562002,mice,1,alive
56603970,mice,1,alive
5888565,mean,1,alive
9821331,mice,1,alive
2631828,mice,1,alive
56726789,mice,1,alive
56821978,mice,1,alive
56971575,mice,1,alive
100822093,median,1,alive
100824933,median,1,alive
57649972,mice,1,alive
5980198,mean,1,alive
2733202,mice,1,alive
100827016,median,1,alive
5527601,mice,1,alive
57845976,mice,1,alive
6026256,mean,1,alive
100831281,median,1,alive
58447012,mice,1,alive
5573985,mice,1,alive
5573985,mice,1,alive
100835903,median,1,alive
10005577,mice,1,alive
5616552,mice,1,alive
100960599,median,1,alive
74708587,mean,1,alive
74797986,mean,1,alive
74888579,mean,1,alive
59218800,mice,1,alive
5649553,mice,1,alive
5654157,mice,1,alive
10056091,mice,1,alive
74972977,mean,1,alive
100962224,median,1,alive
100962639,median,1,alive
10076008,mice,1,alive
6185730,mean,1,alive
10095677,mice,1,alive
100963396,median,1,alive
100963494,median,1,alive
10110336,mice,1,alive
100965795,median,1,alive
6211015,mean,1,alive
75196147,mean,1,alive
59835975,mice,1,alive
59882175,mice,1,alive
10129187,mice,1,alive
75296665,mean,1,alive
75425991,mean,1,alive
75462580,mean,1,alive
60280971,mice,1,alive
5720214,mice,1,alive
75634782,mean,1,alive
75682971,mean,1,alive
75945170,mean,1,alive
75965582,mean,1,alive
75967778,mean,1,alive
60551173,mice,1,alive
60612983,mice,1,alive
60659752,mice,1,alive
60823572,mice,1,alive
61112876,mice,1,alive
61113072,mice,1,alive
6356711,mean,1,alive
6384812,mean,1,alive
5771951,mice,1,alive
49567571,median,1,alive
77202778,mean,1,alive
6414502,mean,1,alive
5794334,mice,1,alive
5803929,mice,1,alive
61563771,mice,1,alive
61582581,mice,1,alive
61585378,mice,1,alive
77517373,mean,1,alive
61620175,mice,1,alive
61623153,mice,1,alive
77650794,mean,1,alive
50058973,median,1,alive
77735587,mean,1,alive
77771384,mean,1,alive
77877058,mean,1,alive
50303775,median,1,alive
61662763,mice,1,alive
6486278,mean,1,alive
5864251,mice,1,alive
5866488,mice,1,alive
78065976,mean,1,alive
5888565,mice,1,alive
61768164,mice,1,alive
10355030,mice,1,alive
10367258,mice,1,alive
78395811,mean,1,alive
78432374,mean,1,alive
6569115,mean,1,alive
6574719,mean,1,alive
78537370,mean,1,alive
50638576,median,1,alive
78564986,mean,1,alive
78684578,mean,1,alive
6610893,mean,1,alive
78757572,mean,1,alive
61853305,mice,1,alive
50978790,median,1,alive
6647804,mean,1,alive
62046370,mice,1,alive
79021374,mean,1,alive
51112332,median,1,alive
51125177,median,1,alive
5980198,mice,1,alive
6666804,mean,1,alive
62226972,mice,1,alive
79160990,mean,1,alive
62449376,mice,1,alive
79476974,mean,1,alive
6675219,mean,1,alive
6677066,mean,1,alive
79540779,mean,1,alive
6026256,mice,1,alive
51438588,median,1,alive
10536928,mice,1,alive
63367783,mice,1,alive
63389787,mice,1,alive
63402192,mice,1,alive
79733218,mean,1,alive
79836425,mean,1,alive
52071578,median,1,alive
79987970,mean,1,alive
80132970,mean,1,alive
6820195,mean,1,alive
63884878,mice,1,alive
80427172,mean,1,alive
10618056,mice,1,alive
6185730,mice,1,alive
80637978,mean,1,alive
63952956,mice,1,alive
80693179,mean,1,alive
81251944,mean,1,alive
6211015,mice,1,alive
81279374,mean,1,alive
64115975,mice,1,alive
64118193,mice,1,alive
64164387,mice,1,alive
101361950,mean,1,alive
101366707,mean,1,alive
68790096,mean,1,alive
68882919,mean,1,alive
69017770,mean,1,alive
52742772,median,1,alive
52797651,median,1,alive
52856770,median,1,alive
69629970,mean,1,alive
69633790,mean,1,alive
69667574,mean,1,alive
69668176,mean,1,alive
81889172,mean,1,alive
82346974,mean,1,alive
82353574,mean,1,alive
82399171,mean,1,alive
69699973,mean,1,alive
69944395,mean,1,alive
53035424,median,1,alive
53123378,median,1,alive
10800449,mice,1,alive
10800712,mice,1,alive
70382437,mean,1,alive
83549576,mean,1,alive
6356711,mice,1,alive
71038780,mean,1,alive
71120570,mean,1,alive
71152573,mean,1,alive
71153084,mean,1,alive
71296602,mean,1,alive
6384812,mice,1,alive
71322184,mean,1,alive
4689469,mean,1,alive
83772186,mean,1,alive
83783977,mean,1,alive
84036797,mean,1,alive
84075902,mean,1,alive
84153170,mean,1,alive
84199579,mean,1,alive
84284371,mean,1,alive
84305697,mean,1,alive
84308378,mean,1,alive
53738183,median,1,alive
6414502,mice,1,alive
71596779,mean,1,alive
71846778,mean,1,alive
71881973,mean,1,alive
71910376,mean,1,alive
84729995,mean,1,alive
84734979,mean,1,alive
84757574,mean,1,alive
71981773,mean,1,alive
72026784,mean,1,alive
72042575,mean,1,alive
72105216,mean,1,alive
72227572,mean,1,alive
4773016,mean,1,alive
20900668,mice,1,alive
72511371,mean,1,alive
72513179,mean,1,alive
72513377,mean,1,alive
72693179,mean,1,alive
72775778,mean,1,alive
72779176,mean,1,alive
72838972,mean,1,alive
72861370,mean,1,alive
72915978,mean,1,alive
72919178,mean,1,alive
54402771,median,1,alive
54557970,median,1,alive
85196798,mean,1,alive
73018376,mean,1,alive
54681374,median,1,alive
73219974,mean,1,alive
73529570,mean,1,alive
4904637,mean,1,alive
73906372,mean,1,alive
55312375,median,1,alive
55339170,median,1,alive
4984415,mean,1,alive
55595383,median,1,alive
6510,mean,1,alive
7476,mean,1,alive
33084,mean,1,alive
36913,mean,1,alive
40832,mean,1,alive
5046123,mean,1,alive
55942601,median,1,alive
5069562,mean,1,alive
5080726,mean,1,alive
92106,mean,1,alive
127209,mean,1,alive
56056484,median,1,alive
158915,mean,1,alive
21354790,mice,1,alive
194456,mean,1,alive
195040,mean,1,alive
56398878,median,1,alive
212894,mean,1,alive
232553,mean,1,alive
257105,mean,1,alive
56467582,median,1,alive
56562002,median,1,alive
15426778,median,1,alive
56603970,median,1,alive
38879862,mice,1,alive
39019856,mice,1,alive
56726789,median,1,alive
5270921,mean,1,alive
332692,mean,1,alive
333351,mean,1,alive
56821978,median,1,alive
39110333,mice,1,alive
39303904,mice,1,alive
39458716,mice,1,alive
100822093,mice,1,alive
39501929,mice,1,alive
100824933,mice,1,alive
56971575,median,1,alive
335752,mean,1,alive
336743,mean,1,alive
363721,mean,1,alive
39533641,mice,1,alive
5309067,mean,1,alive
57181596,median,1,alive
100827016,mice,1,alive
39541602,mice,1,alive
39546981,mice,1,alive
402016,mean,1,alive
415109,mean,1,alive
5379243,mean,1,alive
5385364,mean,1,alive
100831281,mice,1,alive
57649972,median,1,alive
100835903,mice,1,alive
479600,mean,1,alive
485169,mean,1,alive
495267,mean,1,alive
39616198,mice,1,alive
21629001,mice,1,alive
57845976,median,1,alive
514273,mean,1,alive
514778,mean,1,alive
100960599,mice,1,alive
25419664,mean,1,alive
21651302,mice,1,alive
100962224,mice,1,alive
100962639,mice,1,alive
100963396,mice,1,alive
100963494,mice,1,alive
100965795,mice,1,alive
530832,mean,1,alive
542803,mean,1,alive
553776,mean,1,alive
567388,mean,1,alive
567503,mean,1,alive
573162,mean,1,alive
574202,mean,1,alive
584441,mean,1,alive
585018,mean,1,alive
615757,mean,1,alive
618967,mean,1,alive
636233,mean,1,alive
25520784,mean,1,alive
39746003,mice,1,alive
5527601,mean,1,alive
644526,mean,1,alive
674614,mean,1,alive
5573985,mean,1,alive
5573985,mean,1,alive
701870,mean,1,alive
710004,mean,1,alive
5616552,mean,1,alive
721837,mean,1,alive
39791587,mice,1,alive
724427,mean,1,alive
100983940,mice,1,alive
5649553,mean,1,alive
5654157,mean,1,alive
39821640,mice,1,alive
100989458,mice,1,alive
817585,mean,1,alive
854448,mean,1,alive
5720214,mean,1,alive
101293278,median,1,alive
39902325,mice,1,alive
39921861,mice,1,alive
101008162,mice,1,alive
101016340,mice,1,alive
101294932,median,1,alive
101295256,median,1,alive
101295546,median,1,alive
101295671,median,1,alive
101296270,median,1,alive
101299312,median,1,alive
101299938,median,1,alive
101299943,median,1,alive
101301334,median,1,alive
39973722,mice,1,alive
5771951,mean,1,alive
5794334,mean,1,alive
5803929,mean,1,alive
101036229,mice,1,alive
101044094,mice,1,alive
101045597,mice,1,alive
8132102,median,1,alive
101049712,mice,1,alive
101052280,mice,1,alive
101054328,mice,1,alive
25860123,mean,1,alive
25864331,mean,1,alive
101058136,mice,1,alive
101061321,mice,1,alive
101061335,mice,1,alive
101061363,mice,1,alive
101071019,mice,1,alive
37968674,median,1,alive
101071160,mice,1,alive
40026759,mice,1,alive
101071752,mice,1,alive
101071759,mice,1,alive
40058158,mice,1,alive
25894114,mean,1,alive
101073595,mice,1,alive
101074007,mice,1,alive
101074420,mice,1,alive
101075688,mice,1,alive
101076195,mice,1,alive
101076709,mice,1,alive
8236903,median,1,alive
40073611,mice,1,alive
101078683,mice,1,alive
101079689,mice,1,alive
101080314,mice,1,alive
38008900,median,1,alive
25983297,mean,1,alive
40137549,mice,1,alive
101083918,mice,1,alive
101086700,mice,1,alive
26011684,mean,1,alive
26011700,mean,1,alive
40223802,mice,1,alive
90363839,median,1,alive
90368465,median,1,alive
101325759,median,1,alive
100983940,median,1,alive
101091382,mice,1,alive
101094793,mice,1,alive
40282352,mice,1,alive
90595992,median,1,alive
90603184,median,1,alive
101097597,mice,1,alive
101332365,median,1,alive
40304495,mice,1,alive
90704537,median,1,alive
100989458,median,1,alive
101337470,median,1,alive
38163119,median,1,alive
101361950,median,1,alive
101113332,mice,1,alive
101113724,mice,1,alive
40348369,mice,1,alive
101366707,median,1,alive
40357790,mice,1,alive
40366304,mice,1,alive
68790096,median,1,alive
68882919,median,1,alive
69017770,median,1,alive
38208542,median,1,alive
90882192,median,1,alive
8557217,median,1,alive
38222618,median,1,alive
90936378,median,1,alive
90971037,median,1,alive
91085373,median,1,alive
40405854,mice,1,alive
69629970,median,1,alive
69633790,median,1,alive
69667574,median,1,alive
69668176,median,1,alive
69699973,median,1,alive
69944395,median,1,alive
38304986,median,1,alive
38321253,median,1,alive
40481392,mice,1,alive
101008162,median,1,alive
40489742,mice,1,alive
38349825,median,1,alive
38353785,median,1,alive
38355731,median,1,alive
38357943,median,1,alive
101016340,median,1,alive
101141455,mice,1,alive
70382437,median,1,alive
38379467,median,1,alive
101150618,mice,1,alive
101036229,median,1,alive
71038780,median,1,alive
91315036,median,1,alive
91329573,median,1,alive
71120570,median,1,alive
71152573,median,1,alive
71153084,median,1,alive
71296602,median,1,alive
71322184,median,1,alive
71333926,median,1,alive
71337570,median,1,alive
101044094,median,1,alive
101045597,median,1,alive
71596779,median,1,alive
101049712,median,1,alive
101052280,median,1,alive
101044094,mean,1,alive
101045597,mean,1,alive
101054328,median,1,alive
71846778,median,1,alive
71881973,median,1,alive
71910376,median,1,alive
101049712,mean,1,alive
101052280,mean,1,alive
91438192,median,1,alive
91443671,median,1,alive
101058136,median,1,alive
101061321,median,1,alive
101061335,median,1,alive
101061363,median,1,alive
71981773,median,1,alive
72026784,median,1,alive
38445581,median,1,alive
38448429,median,1,alive
38448494,median,1,alive
29520871,mice,1,alive
101054328,mean,1,alive
91508804,median,1,alive
72105216,median,1,alive
72227572,median,1,alive
101058136,mean,1,alive
101061321,mean,1,alive
101061335,mean,1,alive
101061363,mean,1,alive
101071019,median,1,alive
101071160,median,1,alive
101071752,median,1,alive
101071759,median,1,alive
91531640,median,1,alive
72511371,median,1,alive
72513179,median,1,alive
72513377,median,1,alive
101073595,median,1,alive
91556332,median,1,alive
101074007,median,1,alive
101074420,median,1,alive
101071019,mean,1,alive
101071160,mean,1,alive
101071752,mean,1,alive
101071759,mean,1,alive
72693179,median,1,alive
38499547,median,1,alive
72775778,median,1,alive
72779176,median,1,alive
72838972,median,1,alive
72861370,median,1,alive
72915978,median,1,alive
72919178,median,1,alive
72927775,median,1,alive
73018376,median,1,alive
38530986,median,1,alive
91561852,median,1,alive
101073595,mean,1,alive
101074007,mean,1,alive
101074420,mean,1,alive
101075688,mean,1,alive
73219974,median,1,alive
101075688,median,1,alive
101076195,mean,1,alive
101076709,mean,1,alive
101076195,median,1,alive
73529570,median,1,alive
101076709,median,1,alive
101078683,median,1,alive
91646596,median,1,alive
101079689,median,1,alive
101080314,median,1,alive
91653097,median,1,alive
101078683,mean,1,alive
73906372,median,1,alive
101079689,mean,1,alive
101080314,mean,1,alive
38597688,median,1,alive
38606620,median,1,alive
74139387,median,1,alive
6510,median,1,alive
7476,median,1,alive
101083918,mean,1,alive
101086700,mean,1,alive
91716100,median,1,alive
36913,median,1,alive
40832,median,1,alive
101083918,median,1,alive
101091382,mean,1,alive
101094793,mean,1,alive
29830114,mice,1,alive
91734608,median,1,alive
91738872,median,1,alive
38635058,median,1,alive
101086700,median,1,alive
101097597,mean,1,alive
101091382,median,1,alive
9003609,median,1,alive
9017096,median,1,alive
127209,median,1,alive
101094793,median,1,alive
158915,median,1,alive
101097597,median,1,alive
91973974,median,1,alive
29928082,mice,1,alive
91990663,median,1,alive
194456,median,1,alive
195040,median,1,alive
92017482,median,1,alive
92029834,median,1,alive
92030600,median,1,alive
92039171,median,1,alive
92047679,median,1,alive
212894,median,1,alive
38690921,median,1,alive
232553,median,1,alive
92095470,median,1,alive
101113332,mean,1,alive
101113724,mean,1,alive
257105,median,1,alive
9097734,median,1,alive
30063788,mice,1,alive
332692,median,1,alive
333351,median,1,alive
335752,median,1,alive
336743,median,1,alive
30138325,mice,1,alive
92181429,median,1,alive
30174064,mice,1,alive
363721,median,1,alive
101141455,mean,1,alive
92207653,median,1,alive
92210848,median,1,alive
101113332,median,1,alive
101150618,mean,1,alive
101113724,median,1,alive
9168352,median,1,alive
402016,median,1,alive
30191290,mice,1,alive
9195207,median,1,alive
415109,median,1,alive
30269799,mice,1,alive
92259696,median,1,alive
101165797,mean,1,alive
101167771,mean,1,alive
101167786,mean,1,alive
101167870,mean,1,alive
92296375,median,1,alive
92311257,median,1,alive
101175127,mean,1,alive
101177031,mean,1,alive
101177079,mean,1,alive
101177090,mean,1,alive
30294086,mice,1,alive
38879862,median,1,alive
101179182,mean,1,alive
92321207,median,1,alive
92329606,median,1,alive
479600,median,1,alive
485169,median,1,alive
489518,median,1,alive
39019856,median,1,alive
92347905,median,1,alive
101182225,mean,1,alive
101183573,mean,1,alive
101183609,mean,1,alive
101184553,mean,1,alive
101184555,mean,1,alive
39110333,median,1,alive
39303904,median,1,alive
39458716,median,1,alive
92637693,median,1,alive
30365019,mice,1,alive
101141455,median,1,alive
101187439,mean,1,alive
101188558,mean,1,alive
30392104,mice,1,alive
92643881,median,1,alive
92388438,median,1,alive
39501929,median,1,alive
92654151,median,1,alive
92658814,median,1,alive
39533641,median,1,alive
101150618,median,1,alive
101235726,mean,1,alive
101235992,mean,1,alive
92403492,median,1,alive
39541602,median,1,alive
39546981,median,1,alive
20019642,median,1,alive
101253382,mean,1,alive
101253394,mean,1,alive
101253399,mean,1,alive
101255070,mean,1,alive
101257375,mean,1,alive
101257388,mean,1,alive
101264543,mean,1,alive
101271053,mean,1,alive
92450824,median,1,alive
92723857,median,1,alive
39616198,median,1,alive
101165797,median,1,alive
101167771,median,1,alive
101167786,median,1,alive
101167870,median,1,alive
101175127,median,1,alive
101177031,median,1,alive
101177079,median,1,alive
101177090,median,1,alive
92732304,median,1,alive
92739325,median,1,alive
92503150,median,1,alive
92748029,median,1,alive
92751403,median,1,alive
101288406,mean,1,alive
101288468,mean,1,alive
10355030,mean,1,alive
101289650,mean,1,alive
92517812,median,1,alive
92522440,median,1,alive
101293278,mean,1,alive
92553858,median,1,alive
101294932,mean,1,alive
10367258,mean,1,alive
101295256,mean,1,alive
101295546,mean,1,alive
101295671,mean,1,alive
101296270,mean,1,alive
101299312,mean,1,alive
101299938,mean,1,alive
101299943,mean,1,alive
101301334,mean,1,alive
92775238,median,1,alive
92780121,median,1,alive
92781236,median,1,alive
20110839,median,1,alive
20117271,median,1,alive
92803899,median,1,alive
101179182,median,1,alive
92816115,median,1,alive
92829050,median,1,alive
101182225,median,1,alive
92860121,median,1,alive
92860139,median,1,alive
92860147,median,1,alive
101183573,median,1,alive
101183609,median,1,alive
101184553,median,1,alive
101184555,median,1,alive
101187439,median,1,alive
101325759,mean,1,alive
10536928,mean,1,alive
20260394,median,1,alive
101188558,median,1,alive
92909886,median,1,alive
92917871,median,1,alive
20268983,median,1,alive
101332365,mean,1,alive
101337470,mean,1,alive
101235726,median,1,alive
101235992,median,1,alive
101253382,median,1,alive
101253394,median,1,alive
101253399,median,1,alive
101255070,median,1,alive
101257375,median,1,alive
101257388,median,1,alive
92970243,median,1,alive
10618056,mean,1,alive
101264543,median,1,alive
101271053,median,1,alive
101288406,median,1,alive
101288468,median,1,alive
93036507,median,1,alive
93372886,median,1,alive
101289650,median,1,alive
93432938,median,1,alive
93438190,median,1,alive
93442648,median,1,alive
94771789,median,1,alive
20423489,median,1,alive
93466407,median,1,alive
20425435,median,1,alive
94875846,median,1,alive
93525434,median,1,alive
20471215,median,1,alive
94930773,median,1,alive
10800449,mean,1,alive
10800712,mean,1,alive
93540557,median,1,alive
93546638,median,1,alive
93597433,median,1,alive
93600971,median,1,alive
93608040,median,1,alive
93618122,median,1,alive
93622033,median,1,alive
20537304,median,1,alive
93635779,median,1,alive
93653244,median,1,alive
95110466,median,1,alive
23677438,mean,1,alive
93672061,median,1,alive
93676559,median,1,alive
20559191,median,1,alive
93698033,median,1,alive
93719169,median,1,alive
93727519,median,1,alive
93733996,median,1,alive
20626297,median,1,alive
20646170,median,1,alive
93760502,median,1,alive
93763191,median,1,alive
95316113,median,1,alive
95328068,median,1,alive
93769891,median,1,alive
93800514,median,1,alive
93801215,median,1,alive
93804979,median,1,alive
93809770,median,1,alive
93811131,median,1,alive
93813004,median,1,alive
93820132,median,1,alive
93821452,median,1,alive
95395240,median,1,alive
95475034,median,1,alive
93946234,median,1,alive
93958239,median,1,alive
95514931,median,1,alive
95515680,median,1,alive
95526893,median,1,alive
95539557,median,1,alive
95550786,median,1,alive
95561056,median,1,alive
95632014,median,1,alive
95642260,median,1,alive
94005261,median,1,alive
94027570,median,1,alive
95674461,median,1,alive
95679379,median,1,alive
95684585,median,1,alive
95698247,median,1,alive
94064300,median,1,alive
94066164,median,1,alive
95719902,median,1,alive
95720124,median,1,alive
95736096,median,1,alive
95736674,median,1,alive
24023079,mean,1,alive
95737581,median,1,alive
24047920,mean,1,alive
24050767,mean,1,alive
95748943,median,1,alive
95751285,median,1,alive
95751368,median,1,alive
95752036,median,1,alive
95762837,median,1,alive
95763033,median,1,alive
95768438,median,1,alive
94278819,median,1,alive
95774428,median,1,alive
95778809,median,1,alive
20900668,median,1,alive
94313152,median,1,alive
95830436,median,1,alive
20019642,mean,1,alive
95838298,median,1,alive
95847638,median,1,alive
95856605,median,1,alive
95868618,median,1,alive
95905238,median,1,alive
94347283,median,1,alive
94372638,median,1,alive
94379831,median,1,alive
94381423,median,1,alive
94394335,median,1,alive
95925285,median,1,alive
94407665,median,1,alive
94412632,median,1,alive
94413101,median,1,alive
94423266,median,1,alive
94424330,median,1,alive
96011226,median,1,alive
94445525,median,1,alive
96022975,median,1,alive
94450236,median,1,alive
20110839,mean,1,alive
20117271,mean,1,alive
94491180,median,1,alive
94491461,median,1,alive
94543436,median,1,alive
96069257,median,1,alive
96088836,median,1,alive
96090691,median,1,alive
96097316,median,1,alive
96112974,median,1,alive
94577970,median,1,alive
94598497,median,1,alive
96140355,median,1,alive
5573985,median,1,alive
5573985,median,1,alive
96173232,median,1,alive
5616552,median,1,alive
96197686,median,1,alive
96212303,median,1,alive
96258439,median,1,alive
5649553,median,1,alive
5654157,median,1,alive
24431413,mean,1,alive
96268511,median,1,alive
24457517,mean,1,alive
24496879,mean,1,alive
24530461,mean,1,alive
5720214,median,1,alive
5771951,median,1,alive
5794334,median,1,alive
96364146,median,1,alive
5803929,median,1,alive
96424445,median,1,alive
24642746,mean,1,alive
96444740,median,1,alive
96445416,median,1,alive
96457635,median,1,alive
96475835,median,1,alive
96501036,median,1,alive
17721176,mean,1,alive
5864251,median,1,alive
5866488,median,1,alive
17735754,mean,1,alive
5888565,median,1,alive
96561972,median,1,alive
96562947,median,1,alive
17757337,mean,1,alive
17786252,mean,1,alive
96603873,median,1,alive
5980198,median,1,alive
96704754,median,1,alive
96752043,median,1,alive
96792965,median,1,alive
6026256,median,1,alive
6185730,median,1,alive
6211015,median,1,alive
18253120,mean,1,alive
18303776,mean,1,alive
18340190,mean,1,alive
6384812,median,1,alive
18470773,mean,1,alive
6414502,median,1,alive
18540435,mean,1,alive
6486278,median,1,alive
18636357,mean,1,alive
6539522,median,1,alive
6569115,median,1,alive
6574719,median,1,alive
18710517,mean,1,alive
18724146,mean,1,alive
18730705,mean,1,alive
6610893,median,1,alive
6647804,median,1,alive
6666804,median,1,alive
6675219,median,1,alive
24431413,median,1,alive
24457517,median,1,alive
24496879,median,1,alive
19655257,mice,1,alive
24530461,median,1,alive
24642746,median,1,alive
19906205,mice,1,alive
30481048,mice,1,alive
30516678,mice,1,alive
30550867,mice,1,alive
30698617,mice,1,alive
30698641,mice,1,alive
30710305,mice,1,alive
30904445,mice,1,alive
30910863,mice,1,alive
30919260,mice,1,alive
30943583,mice,1,alive
25472275,median,1,alive
25520784,median,1,alive
64348725,mice,1,alive
64367592,mice,1,alive
64371578,mice,1,alive
100356721,mice,1,alive
100356948,mice,1,alive
64418619,mice,1,alive
64525397,mice,1,alive
64627805,mice,1,alive
64671811,mice,1,alive
64755382,mice,1,alive
100360659,mice,1,alive
100362959,mice,1,alive
64809973,mice,1,alive
100365193,mice,1,alive
100365228,mice,1,alive
100370024,mice,1,alive
100371765,mice,1,alive
100372532,mice,1,alive
65482770,mice,1,alive
100381680,mice,1,alive
100381738,mice,1,alive
100381740,mice,1,alive
65628984,mice,1,alive
65946782,mice,1,alive
66175910,mice,1,alive
66211681,mice,1,alive
66412644,mice,1,alive
100405628,mice,1,alive
100435287,mice,1,alive
100437772,mice,1,alive
100438941,mice,1,alive
66606930,mice,1,alive
100440413,mice,1,alive
100441436,mice,1,alive
100441442,mice,1,alive
100443638,mice,1,alive
67245787,mice,1,alive
100444452,mice,1,alive
100447417,mice,1,alive
100451077,mice,1,alive
67743955,mice,1,alive
67760025,mice,1,alive
100455956,mice,1,alive
67941377,mice,1,alive
68211127,mice,1,alive
68307768,mice,1,alive
100516728,mean,1,alive
100460846,mice,1,alive
100460927,mice,1,alive
100536246,mean,1,alive
100541597,mean,1,alive
100463554,mice,1,alive
68408293,mice,1,alive
68672583,mice,1,alive
100545134,mean,1,alive
74250226,mice,1,alive
74294794,mice,1,alive
74302787,mice,1,alive
74369042,mice,1,alive
100516728,mice,1,alive
74431040,mice,1,alive
100536246,mice,1,alive
74564832,mice,1,alive
74626177,mice,1,alive
74658972,mice,1,alive
74708587,mice,1,alive
74797986,mice,1,alive
100541597,mice,1,alive
100545134,mice,1,alive
74888579,mice,1,alive
74972977,mice,1,alive
100548814,mice,1,alive
100549990,mice,1,alive
75196147,mice,1,alive
100548814,mean,1,alive
100549990,mean,1,alive
100552357,mice,1,alive
100553531,mice,1,alive
100555185,mice,1,alive
100555786,mice,1,alive
75296665,mice,1,alive
75425991,mice,1,alive
75462580,mice,1,alive
100552357,mean,1,alive
100553531,mean,1,alive
75634782,mice,1,alive
75682971,mice,1,alive
75945170,mice,1,alive
75965582,mice,1,alive
75967778,mice,1,alive
100555185,mean,1,alive
100555786,mean,1,alive
100561915,mean,1,alive
100562124,mean,1,alive
100561915,mice,1,alive
100562124,mice,1,alive
100563471,mice,1,alive
100563471,mean,1,alive
77202778,mice,1,alive
100565086,mean,1,alive
100568541,mean,1,alive
100565086,mice,1,alive
100568541,mice,1,alive
100569499,mice,1,alive
100571770,mice,1,alive
77517373,mice,1,alive
48439772,mice,1,alive
100569499,mean,1,alive
100571770,mean,1,alive
100572019,mean,1,alive
100573487,mean,1,alive
100573845,mean,1,alive
100578391,mean,1,alive
100580221,mean,1,alive
100580618,mean,1,alive
100580634,mean,1,alive
100581769,mean,1,alive
49567571,mice,1,alive
100572019,mice,1,alive
77650794,mice,1,alive
100573487,mice,1,alive
100573845,mice,1,alive
100588039,mean,1,alive
100589613,mean,1,alive
50058973,mice,1,alive
100578391,mice,1,alive
100580221,mice,1,alive
100580618,mice,1,alive
100580634,mice,1,alive
100581769,mice,1,alive
77735587,mice,1,alive
77771384,mice,1,alive
77877058,mice,1,alive
100591329,mean,1,alive
100591563,mean,1,alive
100591954,mean,1,alive
50303775,mice,1,alive
100588039,mice,1,alive
100589613,mice,1,alive
100591329,mice,1,alive
100591563,mice,1,alive
100591954,mice,1,alive
50638576,mice,1,alive
50978790,mice,1,alive
78065976,mice,1,alive
51112332,mice,1,alive
51125177,mice,1,alive
51438588,mice,1,alive
100600842,mean,1,alive
26803767,mice,1,alive
100601365,mean,1,alive
20260394,mean,1,alive
20268983,mean,1,alive
78395811,mice,1,alive
78432374,mice,1,alive
78537370,mice,1,alive
78564986,mice,1,alive
78684578,mice,1,alive
100604159,mean,1,alive
100605147,mean,1,alive
100606013,mean,1,alive
52071578,mice,1,alive
26811224,mice,1,alive
78757572,mice,1,alive
26834168,mice,1,alive
26845255,mice,1,alive
79021374,mice,1,alive
79160990,mice,1,alive
100633323,mean,1,alive
26936765,mice,1,alive
100639936,mean,1,alive
26983619,mice,1,alive
100640512,mean,1,alive
100640554,mean,1,alive
52742772,mice,1,alive
52797651,mice,1,alive
52856770,mice,1,alive
100642254,mean,1,alive
20423489,mean,1,alive
20425435,mean,1,alive
91315036,mean,1,alive
53035424,mice,1,alive
53123378,mice,1,alive
91329573,mean,1,alive
100645078,mean,1,alive
100646205,mean,1,alive
100646800,mean,1,alive
20471215,mean,1,alive
100647819,mean,1,alive
100649467,mean,1,alive
91443671,mean,1,alive
91473231,mean,1,alive
96424445,mice,1,alive
96444740,mice,1,alive
96445416,mice,1,alive
96457635,mice,1,alive
53738183,mice,1,alive
20537304,mean,1,alive
96475835,mice,1,alive
100656515,mean,1,alive
91508804,mean,1,alive
96501036,mice,1,alive
100660690,mean,1,alive
100660979,mean,1,alive
100661112,mean,1,alive
91531640,mean,1,alive
91535799,mean,1,alive
100661571,mean,1,alive
20559191,mean,1,alive
91561852,mean,1,alive
100662688,mean,1,alive
54402771,mice,1,alive
96561972,mice,1,alive
96562947,mice,1,alive
54557970,mice,1,alive
96603873,mice,1,alive
100664585,mean,1,alive
54681374,mice,1,alive
20626297,mean,1,alive
27197946,mice,1,alive
96704754,mice,1,alive
96752043,mice,1,alive
91646596,mean,1,alive
91653097,mean,1,alive
20646170,mean,1,alive
100669018,mean,1,alive
96792965,mice,1,alive
27247857,mice,1,alive
91716100,mean,1,alive
55312375,mice,1,alive
55339170,mice,1,alive
27283589,mice,1,alive
96927702,mice,1,alive
55595383,mice,1,alive
91734608,mean,1,alive
91738872,mean,1,alive
100676990,mean,1,alive
96972161,mice,1,alive
7067416,mean,1,alive
97000681,mice,1,alive
97004741,mice,1,alive
97008429,mice,1,alive
97011035,mice,1,alive
97013627,mice,1,alive
27396316,mice,1,alive
97033658,mice,1,alive
100227961,mean,1,alive
100229337,mean,1,alive
100229966,mean,1,alive
100230247,mean,1,alive
100695015,mean,1,alive
91973974,mean,1,alive
91990663,mean,1,alive
97105639,mice,1,alive
7137730,mean,1,alive
97125660,mice,1,alive
97125678,mice,1,alive
97125686,mice,1,alive
97125702,mice,1,alive
97133847,mice,1,alive
97143556,mice,1,alive
97149637,mice,1,alive
92017482,mean,1,alive
97162234,mice,1,alive
97166714,mice,1,alive
92029834,mean,1,alive
92030600,mean,1,alive
92039171,mean,1,alive
92047679,mean,1,alive
100237449,mean,1,alive
100291172,mean,1,alive
7185366,mean,1,alive
92095470,mean,1,alive
100292990,mean,1,alive
100294022,mean,1,alive
100294028,mean,1,alive
100294030,mean,1,alive
7201544,mean,1,alive
20900668,mean,1,alive
7225212,mean,1,alive
100299031,mean,1,alive
33940453,mean,1,alive
27566447,mice,1,alive
92181429,mean,1,alive
100306857,mean,1,alive
97228852,mice,1,alive
100307387,mean,1,alive
100308418,mean,1,alive
100308432,mean,1,alive
100309608,mean,1,alive
100310793,mean,1,alive
92207653,mean,1,alive
92210848,mean,1,alive
92259696,mean,1,alive
97233845,mice,1,alive
97236830,mice,1,alive
97261838,mice,1,alive
97269336,mice,1,alive
100311789,mean,1,alive
100314125,mean,1,alive
100316173,mean,1,alive
35007139,mean,1,alive
100319784,mean,1,alive
35008712,mean,1,alive
97323117,mice,1,alive
97323273,mice,1,alive
35009755,mean,1,alive
97347769,mice,1,alive
100322435,mean,1,alive
97382253,mice,1,alive
92296375,mean,1,alive
100323912,mean,1,alive
97390231,mice,1,alive
92321207,mean,1,alive
100328263,mean,1,alive
100328369,mean,1,alive
97407589,mice,1,alive
97411383,mice,1,alive
100329242,mean,1,alive
100329682,mean,1,alive
100329938,mean,1,alive
100330060,mean,1,alive
92329606,mean,1,alive
100330972,mean,1,alive
100331373,mean,1,alive
28455400,mice,1,alive
92347905,mean,1,alive
100332086,mean,1,alive
100332110,mean,1,alive
100332181,mean,1,alive
100332725,mean,1,alive
100332729,mean,1,alive
100332793,mean,1,alive
100333229,mean,1,alive
100333275,mean,1,alive
97460596,mice,1,alive
100334417,mean,1,alive
100334458,mean,1,alive
97462873,mice,1,alive
97462931,mice,1,alive
97472526,mice,1,alive
97472559,mice,1,alive
35016646,mean,1,alive
35016866,mean,1,alive
100334822,mean,1,alive
97490502,mice,1,alive
97502645,mice,1,alive
100334940,mean,1,alive
100335219,mean,1,alive
35018073,mean,1,alive
100335432,mean,1,alive
100336059,mean,1,alive
100336354,mean,1,alive
92388438,mean,1,alive
97538342,mice,1,alive
97546527,mice,1,alive
27922715,mice,1,alive
27927185,mice,1,alive
97571913,mice,1,alive
35020427,mean,1,alive
100342926,mean,1,alive
97575435,mice,1,alive
97576045,mice,1,alive
97576052,mice,1,alive
35065044,mean,1,alive
27973601,mice,1,alive
27985480,mice,1,alive
27991744,mice,1,alive
28012086,mice,1,alive
97585467,mice,1,alive
97585475,mice,1,alive
97588438,mice,1,alive
97596407,mice,1,alive
97608269,mice,1,alive
97608863,mice,1,alive
97619589,mice,1,alive
97622633,mice,1,alive
100345333,mean,1,alive
100345665,mean,1,alive
92450824,mean,1,alive
100352097,mean,1,alive
28570273,mice,1,alive
35112861,mean,1,alive
97634430,mice,1,alive
92503150,mean,1,alive
35129659,mean,1,alive
97682306,mice,1,alive
28064749,mice,1,alive
100356721,mean,1,alive
100356948,mean,1,alive
92517812,mean,1,alive
92522440,mean,1,alive
92553858,mean,1,alive
97700504,mice,1,alive
97718423,mice,1,alive
100360659,mean,1,alive
100362959,mean,1,alive
100365193,mean,1,alive
100365228,mean,1,alive
100370024,mean,1,alive
35260769,mean,1,alive
100371765,mean,1,alive
35271246,mean,1,alive
9330127,median,1,alive
28717544,mice,1,alive
28718815,mice,1,alive
100372532,mean,1,alive
35314095,mean,1,alive
100381680,mean,1,alive
100381738,mean,1,alive
100381740,mean,1,alive
92637693,mean,1,alive
92643881,mean,1,alive
92654151,mean,1,alive
92658814,mean,1,alive
21354790,mean,1,alive
28880391,mice,1,alive
92723857,mean,1,alive
92732304,mean,1,alive
92739325,mean,1,alive
97872766,mice,1,alive
100405628,mean,1,alive
100435287,mean,1,alive
100437772,mean,1,alive
100438941,mean,1,alive
1862036,median,1,alive
1863794,median,1,alive
92748029,mean,1,alive
92751403,mean,1,alive
100440413,mean,1,alive
100441436,mean,1,alive
100441442,mean,1,alive
1879949,median,1,alive
100443638,mean,1,alive
1885409,median,1,alive
100444452,mean,1,alive
92775238,mean,1,alive
92780121,mean,1,alive
92781236,mean,1,alive
92803899,mean,1,alive
92816115,mean,1,alive
28962587,mice,1,alive
92829050,mean,1,alive
100447417,mean,1,alive
100451077,mean,1,alive
35496348,mean,1,alive
9504788,mice,1,alive
92860121,mean,1,alive
92860139,mean,1,alive
92860147,mean,1,alive
100455956,mean,1,alive
29025590,mice,1,alive
29038270,mice,1,alive
29046786,mice,1,alive
35550029,mean,1,alive
1925429,median,1,alive
100460846,mean,1,alive
100460927,mean,1,alive
92909886,mean,1,alive
92917871,mean,1,alive
29070505,mice,1,alive
35597236,mean,1,alive
100463554,mean,1,alive
1956168,median,1,alive
35661040,mean,1,alive
35712793,mean,1,alive
92970243,mean,1,alive
28880391,mean,1,alive
11421369,median,1,alive
11450905,median,1,alive
33278433,median,1,alive
33310160,median,1,alive
33324013,median,1,alive
11564150,median,1,alive
28962587,mean,1,alive
29025590,mean,1,alive
29038270,mean,1,alive
29046786,mean,1,alive
29070505,mean,1,alive
15426778,mean,1,alive
2226389,median,1,alive
2227494,median,1,alive
13656996,median,1,alive
33675778,median,1,alive
2357960,median,1,alive
35260769,mice,1,alive
35271246,mice,1,alive
35314095,mice,1,alive
18710517,median,1,alive
18724146,median,1,alive
18730705,median,1,alive
2397198,median,1,alive
33767955,median,1,alive
2422194,median,1,alive
2493492,median,1,alive
2518801,median,1,alive
35496348,mice,1,alive
33903972,median,1,alive
2587954,median,1,alive
35550029,mice,1,alive
2631828,median,1,alive
98342959,median,1,alive
35597236,mice,1,alive
29520871,mean,1,alive
18919530,median,1,alive
98485865,median,1,alive
16169492,mean,1,alive
35661040,mice,1,alive
16187833,mean,1,alive
2733202,median,1,alive
98709223,median,1,alive
35712793,mice,1,alive
19024868,median,1,alive
98767874,median,1,alive
2837789,median,1,alive
2872323,median,1,alive
82346974,median,1,alive
82353574,median,1,alive
82399171,median,1,alive
98869597,median,1,alive
16438079,mean,1,alive
29830114,mean,1,alive
35891415,mice,1,alive
2914752,median,1,alive
2955136,median,1,alive
14417133,median,1,alive
19199926,median,1,alive
19200187,median,1,alive
98914286,median,1,alive
14431506,median,1,alive
2988970,median,1,alive
83549576,median,1,alive
2995199,median,1,alive
19220789,median,1,alive
98954795,median,1,alive
19226224,median,1,alive
19230291,median,1,alive
83772186,median,1,alive
83783977,median,1,alive
99477838,median,1,alive
99487068,median,1,alive
29928082,mean,1,alive
35960210,mice,1,alive
84075902,median,1,alive
84149632,median,1,alive
84199579,median,1,alive
35982180,mice,1,alive
14600837,median,1,alive
84284371,median,1,alive
84305697,median,1,alive
84308378,median,1,alive
36034569,mice,1,alive
99581431,median,1,alive
99592834,median,1,alive
30063788,mean,1,alive
36085991,mice,1,alive
84729995,median,1,alive
84734979,median,1,alive
84757574,median,1,alive
3093259,median,1,alive
3096799,median,1,alive
39746003,median,1,alive
36105450,mice,1,alive
36112399,mice,1,alive
99617656,median,1,alive
99631269,median,1,alive
19356427,median,1,alive
39791587,median,1,alive
99674434,median,1,alive
85196798,median,1,alive
21354790,median,1,alive
29830114,median,1,alive
39821640,median,1,alive
99737025,median,1,alive
96972161,median,1,alive
99757106,median,1,alive
9003609,mice,1,alive
97000681,median,1,alive
97004741,median,1,alive
97008429,median,1,alive
9017096,mice,1,alive
85669976,median,1,alive
29928082,median,1,alive
97011035,median,1,alive
97013627,median,1,alive
9097734,mice,1,alive
36318624,mice,1,alive
36340701,mice,1,alive
97033658,median,1,alive
86114576,median,1,alive
86226370,median,1,alive
39902325,median,1,alive
39921861,median,1,alive
86355567,median,1,alive
9168352,mice,1,alive
86543576,median,1,alive
86559788,median,1,alive
9195207,mice,1,alive
97105639,median,1,alive
86743978,median,1,alive
39973722,median,1,alive
97125660,median,1,alive
97125678,median,1,alive
97125686,median,1,alive
97125702,median,1,alive
97133847,median,1,alive
41207374,mean,1,alive
86808177,median,1,alive
97143556,median,1,alive
97149637,median,1,alive
97157507,median,1,alive
97162234,median,1,alive
97166714,median,1,alive
21629001,median,1,alive
21651302,median,1,alive
19655257,median,1,alive
41239492,mean,1,alive
87357778,median,1,alive
87358370,median,1,alive
87361572,median,1,alive
40025769,median,1,alive
40026759,median,1,alive
97228852,median,1,alive
97233845,median,1,alive
97236830,median,1,alive
41251927,mean,1,alive
87513776,median,1,alive
87550372,median,1,alive
87606380,median,1,alive
97261838,median,1,alive
97269336,median,1,alive
30063788,median,1,alive
97323117,median,1,alive
97323273,median,1,alive
40058158,median,1,alive
40073611,median,1,alive
9330127,mice,1,alive
87767208,median,1,alive
97347769,median,1,alive
87798575,median,1,alive
87798773,median,1,alive
87813374,median,1,alive
97382253,median,1,alive
97390231,median,1,alive
41297755,mean,1,alive
97407589,median,1,alive
41307331,mean,1,alive
19762483,median,1,alive
41343740,mean,1,alive
88230974,median,1,alive
30138325,median,1,alive
41372988,mean,1,alive
41382599,mean,1,alive
97411383,median,1,alive
97460596,median,1,alive
97462873,median,1,alive
97462931,median,1,alive
97472526,median,1,alive
97472559,median,1,alive
40137549,median,1,alive
97490502,median,1,alive
97502645,median,1,alive
30174064,median,1,alive
41912577,mean,1,alive
97538342,median,1,alive
30191290,median,1,alive
88576764,median,1,alive
97546527,median,1,alive
40223802,median,1,alive
88776208,median,1,alive
30269799,median,1,alive
97571913,median,1,alive
97575435,median,1,alive
97576045,median,1,alive
97576052,median,1,alive
97585467,median,1,alive
97585475,median,1,alive
97588438,median,1,alive
88879176,median,1,alive
43810779,mean,1,alive
97596407,median,1,alive
97608269,median,1,alive
97608863,median,1,alive
97619589,median,1,alive
97622633,median,1,alive
97634430,median,1,alive
30294086,median,1,alive
88941174,median,1,alive
40304495,median,1,alive
25860123,median,1,alive
25864331,median,1,alive
44188779,mean,1,alive
44360576,mean,1,alive
97682306,median,1,alive
97700504,median,1,alive
89406789,median,1,alive
89533376,median,1,alive
89546865,median,1,alive
40348369,median,1,alive
40357790,median,1,alive
44504173,mean,1,alive
97718423,median,1,alive
40366304,median,1,alive
11421369,mice,1,alive
44701373,mean,1,alive
40405854,median,1,alive
11450905,mice,1,alive
30365019,median,1,alive
30392104,median,1,alive
25894114,median,1,alive
89805972,median,1,alive
89813372,median,1,alive
45564176,mean,1,alive
45746575,mean,1,alive
45818176,mean,1,alive
25983297,median,1,alive
40481392,median,1,alive
40489742,median,1,alive
7317142,mice,1,alive
90010794,median,1,alive
90039876,median,1,alive
97872766,median,1,alive
26011684,median,1,alive
26011700,median,1,alive
22746168,median,1,alive
40595449,median,1,alive
7372071,mice,1,alive
9504788,median,1,alive
90235227,median,1,alive
26120014,median,1,alive
26132514,median,1,alive
40675720,median,1,alive
7477417,mice,1,alive
40689333,median,1,alive
40689945,median,1,alive
48439772,mean,1,alive
40710865,median,1,alive
22914618,median,1,alive
22936561,median,1,alive
7513914,mice,1,alive
40745432,median,1,alive
90275892,median,1,alive
90318866,median,1,alive
40790115,median,1,alive
9605536,median,1,alive
26218859,median,1,alive
31256431,mice,1,alive
49567571,mean,1,alive
7664220,mice,1,alive
7682867,mice,1,alive
7691066,mice,1,alive
9701574,median,1,alive
50058973,mean,1,alive
9738824,median,1,alive
50303775,mean,1,alive
31425713,mice,1,alive
7753361,mice,1,alive
9804600,median,1,alive
31519242,mice,1,alive
9821331,median,1,alive
50638576,mean,1,alive
7791601,mice,1,alive
50978790,mean,1,alive
51112332,mean,1,alive
51125177,mean,1,alive
31607401,mice,1,alive
51438588,mean,1,alive
33166752,mice,1,alive
26567008,median,1,alive
31741580,mice,1,alive
36802999,median,1,alive
36822013,median,1,alive
36822591,median,1,alive
33278433,mice,1,alive
33310160,mice,1,alive
36857530,median,1,alive
33324013,mice,1,alive
36894988,median,1,alive
26803767,median,1,alive
26811224,median,1,alive
26834168,median,1,alive
26845255,median,1,alive
37032687,median,1,alive
26936765,median,1,alive
32153256,mice,1,alive
26983619,median,1,alive
37122512,median,1,alive
33675778,mice,1,alive
37147584,median,1,alive
37159241,median,1,alive
32278103,mice,1,alive
33767955,mice,1,alive
32335903,mice,1,alive
33903972,mice,1,alive
37264850,median,1,alive
32404147,mice,1,alive
32407405,mice,1,alive
37293420,median,1,alive
37313566,median,1,alive
37318441,median,1,alive
32513236,mice,1,alive
98342959,mice,1,alive
37347564,median,1,alive
32577702,mice,1,alive
98485865,mice,1,alive
98709223,mice,1,alive
37407814,median,1,alive
37422698,median,1,alive
98767874,mice,1,alive
37438306,median,1,alive
12700936,mice,1,alive
37483187,median,1,alive
37508405,median,1,alive
98869597,mice,1,alive
12950945,mice,1,alive
37613890,median,1,alive
37620051,median,1,alive
37714136,median,1,alive
37725009,median,1,alive
37753118,median,1,alive
37826997,median,1,alive
37834223,median,1,alive
37837143,median,1,alive
37896123,median,1,alive
37911195,median,1,alive
7848781,mice,1,alive
7871437,mice,1,alive
7904576,mice,1,alive
8132102,mice,1,alive
8236903,mice,1,alive
8557217,mice,1,alive
7317142,mean,1,alive
94313152,mice,1,alive
94347283,mice,1,alive
94372638,mice,1,alive
94379831,mice,1,alive
94381423,mice,1,alive
94394335,mice,1,alive
94407665,mice,1,alive
94412632,mice,1,alive
94413101,mice,1,alive
94423266,mice,1,alive
94424330,mice,1,alive
94445525,mice,1,alive
94450236,mice,1,alive
94491180,mice,1,alive
94491461,mice,1,alive
94543436,mice,1,alive
94577970,mice,1,alive
94598497,mice,1,alive
7372071,mean,1,alive
94771789,mice,1,alive
94875846,mice,1,alive
94930773,mice,1,alive
7477417,mean,1,alive
7513914,mean,1,alive
95110466,mice,1,alive
95316113,mice,1,alive
95328068,mice,1,alive
7664220,mean,1,alive
95395240,mice,1,alive
95475034,mice,1,alive
7682867,mean,1,alive
7691066,mean,1,alive
95514931,mice,1,alive
95515680,mice,1,alive
95526893,mice,1,alive
95539557,mice,1,alive
95550786,mice,1,alive
7753361,mean,1,alive
95561056,mice,1,alive
95632014,mice,1,alive
95642260,mice,1,alive
7791601,mean,1,alive
95674461,mice,1,alive
95679379,mice,1,alive
95684585,mice,1,alive
95698247,mice,1,alive
95719902,mice,1,alive
95720124,mice,1,alive
95736096,mice,1,alive
95736674,mice,1,alive
95737581,mice,1,alive
95748943,mice,1,alive
95751285,mice,1,alive
95751368,mice,1,alive
95752036,mice,1,alive
95763033,mice,1,alive
95768438,mice,1,alive
95774428,mice,1,alive
95778809,mice,1,alive
95830436,mice,1,alive
95838298,mice,1,alive
95847638,mice,1,alive
95856605,mice,1,alive
95868618,mice,1,alive
95905238,mice,1,alive
95925285,mice,1,alive
96069257,mice,1,alive
96088836,mice,1,alive
96090691,mice,1,alive
96097316,mice,1,alive
7848781,mean,1,alive
96112974,mice,1,alive
96140355,mice,1,alive
96173232,mice,1,alive
7871437,mean,1,alive
96197686,mice,1,alive
96212303,mice,1,alive
100716488,mean,1,alive
96258439,mice,1,alive
7904576,mean,1,alive
100733455,mean,1,alive
20019642,mice,1,alive
6486278,mice,1,alive
100744355,mean,1,alive
96268511,mice,1,alive
6569115,mice,1,alive
100763742,mean,1,alive
100763988,mean,1,alive
100769507,mean,1,alive
100773390,mean,1,alive
100774320,mean,1,alive
100776775,mean,1,alive
6574719,mice,1,alive
20110839,mice,1,alive
20117271,mice,1,alive
6610893,mice,1,alive
96364146,mice,1,alive
20260394,mice,1,alive
6647804,mice,1,alive
6666804,mice,1,alive
20268983,mice,1,alive
6675219,mice,1,alive
6677066,mice,1,alive
100784206,mean,1,alive
52071578,mean,1,alive
100786244,mean,1,alive
100787713,mean,1,alive
100787783,mean,1,alive
100789651,mean,1,alive
100790002,mean,1,alive
100790250,mean,1,alive
100790387,mean,1,alive
100791977,mean,1,alive
100792804,mean,1,alive
100793568,mean,1,alive
100793623,mean,1,alive
100793703,mean,1,alive
100793774,mean,1,alive
100793797,mean,1,alive
6820195,mice,1,alive
52742772,mean,1,alive
52797651,mean,1,alive
52856770,mean,1,alive
100793936,mean,1,alive
20423489,mice,1,alive
20425435,mice,1,alive
100794289,mean,1,alive
100794753,mean,1,alive
100794790,mean,1,alive
100794795,mean,1,alive
8132102,mean,1,alive
100796307,mean,1,alive
100796682,mean,1,alive
100797388,mean,1,alive
100797723,mean,1,alive
20471215,mice,1,alive
53035424,mean,1,alive
53123378,mean,1,alive
100805456,mean,1,alive
100805747,mean,1,alive
100807528,mean,1,alive
100809242,mean,1,alive
100809521,mean,1,alive
100810018,mean,1,alive
100813357,mean,1,alive
100814384,mean,1,alive
100814609,mean,1,alive
8236903,mean,1,alive
20537304,mice,1,alive
53738183,mean,1,alive
20559191,mice,1,alive
100817059,mean,1,alive
100817128,mean,1,alive
100818392,mean,1,alive
100819320,mean,1,alive
7067416,mice,1,alive
54402771,mean,1,alive
54557970,mean,1,alive
20626297,mice,1,alive
100822093,mean,1,alive
54681374,mean,1,alive
20646170,mice,1,alive
100824933,mean,1,alive
24431413,mice,1,alive
24457517,mice,1,alive
100827016,mean,1,alive
7137730,mice,1,alive
100831281,mean,1,alive
55312375,mean,1,alive
55339170,mean,1,alive
24496879,mice,1,alive
55595383,mean,1,alive
2226389,mean,1,alive
2227494,mean,1,alive
24530461,mice,1,alive
100835903,mean,1,alive
55942601,mean,1,alive
100960599,mean,1,alive
100962224,mean,1,alive
2357960,mean,1,alive
100962639,mean,1,alive
100963396,mean,1,alive
100963494,mean,1,alive
24642746,mice,1,alive
100965795,mean,1,alive
7185366,mice,1,alive
56056484,mean,1,alive
2397198,mean,1,alive
7201544,mice,1,alive
2422194,mean,1,alive
127209,mice,1,alive
89805972,mice,1,alive
89813372,mice,1,alive
158915,mice,1,alive
7225212,mice,1,alive
56398878,mean,1,alive
56467582,mean,1,alive
3476694,mean,1,alive
56562002,mean,1,alive
56603970,mean,1,alive
2466480,mean,1,alive
2493492,mean,1,alive
33940453,mice,1,alive
194456,mice,1,alive
195040,mice,1,alive
56726789,mean,1,alive
2518801,mean,1,alive
56821978,mean,1,alive
212894,mice,1,alive
56971575,mean,1,alive
2539930,mean,1,alive
232553,mice,1,alive
90010794,mice,1,alive
90039876,mice,1,alive
2587954,mean,1,alive
57649972,mean,1,alive
257105,mice,1,alive
100983940,mean,1,alive
3532314,mean,1,alive
2604783,mean,1,alive
57845976,mean,1,alive
3535630,mean,1,alive
90235227,mice,1,alive
35007139,mice,1,alive
35008712,mice,1,alive
35009755,mice,1,alive
332692,mice,1,alive
333351,mice,1,alive
335752,mice,1,alive
336743,mice,1,alive
100989458,mean,1,alive
2631828,mean,1,alive
3607207,mean,1,alive
35016646,mice,1,alive
35016866,mice,1,alive
90275892,mice,1,alive
58447012,mean,1,alive
363721,mice,1,alive
402016,mice,1,alive
90318866,mice,1,alive
35018073,mice,1,alive
35020427,mice,1,alive
415109,mice,1,alive
35065044,mice,1,alive
90363839,mice,1,alive
90368465,mice,1,alive
2733202,mean,1,alive
35112861,mice,1,alive
59218800,mean,1,alive
101008162,mean,1,alive
35129659,mice,1,alive
101016340,mean,1,alive
479600,mice,1,alive
485169,mice,1,alive
495267,mice,1,alive
2837789,mean,1,alive
514273,mice,1,alive
514778,mice,1,alive
530832,mice,1,alive
59835975,mean,1,alive
59882175,mean,1,alive
90603184,mice,1,alive
542803,mice,1,alive
90704537,mice,1,alive
553776,mice,1,alive
2872323,mean,1,alive
567388,mice,1,alive
567503,mice,1,alive
101036229,mean,1,alive
60280971,mean,1,alive
61112876,mean,1,alive
61113072,mean,1,alive
60551173,mean,1,alive
60612983,mean,1,alive
573162,mice,1,alive
574202,mice,1,alive
2914752,mean,1,alive
584441,mice,1,alive
585018,mice,1,alive
90882192,mice,1,alive
90936378,mice,1,alive
90971037,mice,1,alive
11421369,mean,1,alive
91085373,mice,1,alive
60659752,mean,1,alive
60823572,mean,1,alive
2955136,mean,1,alive
61563771,mean,1,alive
61582581,mean,1,alive
61585378,mean,1,alive
61620175,mean,1,alive
61623153,mean,1,alive
2988970,mean,1,alive
615757,mice,1,alive
618967,mice,1,alive
636233,mice,1,alive
644526,mice,1,alive
674614,mice,1,alive
2995199,mean,1,alive
3999224,mean,1,alive
61662763,mean,1,alive
701870,mice,1,alive
710004,mice,1,alive
11450905,mean,1,alive
61768164,mean,1,alive
721837,mice,1,alive
724427,mice,1,alive
91315036,mice,1,alive
91329573,mice,1,alive
4099172,mean,1,alive
91443671,mice,1,alive
3093259,mean,1,alive
91473231,mice,1,alive
61853305,mean,1,alive
3096799,mean,1,alive
4155206,mean,1,alive
62046370,mean,1,alive
19906205,median,1,alive
62226972,mean,1,alive
3114881,mean,1,alive
91508804,mice,1,alive
91531640,mice,1,alive
91535799,mice,1,alive
91561852,mice,1,alive
4174249,mean,1,alive
40026759,mean,1,alive
40058158,mean,1,alive
3145455,mean,1,alive
3163300,mean,1,alive
817585,mice,1,alive
62449376,mean,1,alive
854448,mice,1,alive
40073611,mean,1,alive
3193661,mean,1,alive
3213824,mean,1,alive
91646596,mice,1,alive
91653097,mice,1,alive
40137549,mean,1,alive
4330262,mean,1,alive
30481048,median,1,alive
63367783,mean,1,alive
91716100,mice,1,alive
3309275,mean,1,alive
3311297,mean,1,alive
63389787,mean,1,alive
63402192,mean,1,alive
91734608,mice,1,alive
91738872,mice,1,alive
30516678,median,1,alive
3320140,mean,1,alive
966432,mice,1,alive
988873,mice,1,alive
3349602,mean,1,alive
3352044,mean,1,alive
1000371,mice,1,alive
3363942,mean,1,alive
3367877,mean,1,alive
40223802,mean,1,alive
30550867,median,1,alive
63884878,mean,1,alive
91973974,mice,1,alive
63952956,mean,1,alive
4450326,mean,1,alive
1058049,mice,1,alive
1064971,mice,1,alive
91990663,mice,1,alive
40282352,mean,1,alive
92017482,mice,1,alive
1076793,mice,1,alive
1078971,mice,1,alive
1080928,mice,1,alive
92029834,mice,1,alive
92030600,mice,1,alive
1102516,mice,1,alive
26120014,mean,1,alive
92039171,mice,1,alive
64115975,mean,1,alive
64118193,mean,1,alive
26132514,mean,1,alive
92047679,mice,1,alive
40304495,mean,1,alive
64164387,mean,1,alive
1124981,mice,1,alive
1136779,mice,1,alive
4494464,mean,1,alive
92095470,mice,1,alive
64348725,mean,1,alive
64367592,mean,1,alive
64371578,mean,1,alive
64418619,mean,1,alive
40348369,mean,1,alive
40357790,mean,1,alive
40366304,mean,1,alive
64525397,mean,1,alive
30698617,median,1,alive
30698641,median,1,alive
30710305,median,1,alive
1169515,mice,1,alive
40405854,mean,1,alive
1178151,mice,1,alive
1191469,mice,1,alive
64627805,mean,1,alive
64671811,mean,1,alive
64755382,mean,1,alive
64809973,mean,1,alive
92181429,mice,1,alive
92207653,mice,1,alive
92210848,mice,1,alive
37032687,mean,1,alive
1225135,mice,1,alive
40481392,mean,1,alive
1232602,mice,1,alive
1232990,mice,1,alive
40489742,mean,1,alive
1303783,mice,1,alive
1314889,mice,1,alive
26218859,mean,1,alive
4570123,mean,1,alive
1333202,mice,1,alive
30904445,median,1,alive
4602744,mean,1,alive
65482770,mean,1,alive
37122512,mean,1,alive
4614608,mean,1,alive
4619441,mean,1,alive
65628984,mean,1,alive
4624540,mean,1,alive
30910863,median,1,alive
30919260,median,1,alive
30943583,median,1,alive
1389444,mice,1,alive
37147584,mean,1,alive
37159241,mean,1,alive
65946782,mean,1,alive
66175910,mean,1,alive
66211681,mean,1,alive
66412644,mean,1,alive
40595449,mean,1,alive
66606930,mean,1,alive
21629001,mean,1,alive
67245787,mean,1,alive
40675720,mean,1,alive
21651302,mean,1,alive
93036507,mean,1,alive
93372886,mean,1,alive
37264850,mean,1,alive
37293420,mean,1,alive
26567008,mean,1,alive
37318441,mean,1,alive
40689333,mean,1,alive
40689945,mean,1,alive
40710865,mean,1,alive
93432938,mean,1,alive
93438190,mean,1,alive
37347564,mean,1,alive
93442648,mean,1,alive
67743955,mean,1,alive
67760025,mean,1,alive
93466407,mean,1,alive
67941377,mean,1,alive
68211127,mean,1,alive
68307768,mean,1,alive
68408293,mean,1,alive
40745432,mean,1,alive
68672583,mean,1,alive
74250226,mean,1,alive
74294794,mean,1,alive
74302787,mean,1,alive
74369042,mean,1,alive
74431040,mean,1,alive
93525434,mean,1,alive
40790115,mean,1,alive
93540557,mean,1,alive
93546638,mean,1,alive
93597433,mean,1,alive
93600971,mean,1,alive
37407814,mean,1,alive
74564832,mean,1,alive
74626177,mean,1,alive
74658972,mean,1,alive
93608040,mean,1,alive
93618122,mean,1,alive
93622033,mean,1,alive
37422698,mean,1,alive
37438306,mean,1,alive
93635779,mean,1,alive
93653244,mean,1,alive
93672061,mean,1,alive
93676559,mean,1,alive
40896599,mean,1,alive
31256431,median,1,alive
93698033,mean,1,alive
93719169,mean,1,alive
93727519,mean,1,alive
37483187,mean,1,alive
93733996,mean,1,alive
40912370,mean,1,alive
37508405,mean,1,alive
93760502,mean,1,alive
93763191,mean,1,alive
93769891,mean,1,alive
26803767,mean,1,alive
26811224,mean,1,alive
93800514,mean,1,alive
93801215,mean,1,alive
93804979,mean,1,alive
93809770,mean,1,alive
93811131,mean,1,alive
93813004,mean,1,alive
31349343,median,1,alive
93820132,mean,1,alive
93821452,mean,1,alive
26834168,mean,1,alive
40989402,mean,1,alive
26845255,mean,1,alive
17554528,median,1,alive
93836674,mean,1,alive
41017948,mean,1,alive
93877033,mean,1,alive
41071655,mean,1,alive
41080805,mean,1,alive
41086083,mean,1,alive
93946234,mean,1,alive
93958239,mean,1,alive
31425713,median,1,alive
37613890,mean,1,alive
37620051,mean,1,alive
94005261,mean,1,alive
31519242,median,1,alive
26936765,mean,1,alive
41116559,mean,1,alive
41128562,mean,1,alive
94027570,mean,1,alive
41134297,mean,1,alive
26983619,mean,1,alive
22746168,mean,1,alive
41150871,mean,1,alive
41159005,mean,1,alive
37714136,mean,1,alive
94064300,mean,1,alive
94066164,mean,1,alive
17721176,median,1,alive
37725009,mean,1,alive
31607401,median,1,alive
17735754,median,1,alive
17757337,median,1,alive
37753118,mean,1,alive
16169492,median,1,alive
16187833,median,1,alive
94313152,mean,1,alive
17786252,median,1,alive
94347283,mean,1,alive
37826997,mean,1,alive
94372638,mean,1,alive
94379831,mean,1,alive
94381423,mean,1,alive
94394335,mean,1,alive
94407665,mean,1,alive
94412632,mean,1,alive
94413101,mean,1,alive
66175910,median,1,alive
66211681,median,1,alive
37834223,mean,1,alive
37837143,mean,1,alive
94423266,mean,1,alive
94424330,mean,1,alive
94445525,mean,1,alive
94450236,mean,1,alive
66412644,median,1,alive
22914618,mean,1,alive
94491180,mean,1,alive
94491461,mean,1,alive
17862533,median,1,alive
66606930,median,1,alive
37896123,mean,1,alive
22936561,mean,1,alive
94543436,mean,1,alive
37911195,mean,1,alive
67245787,median,1,alive
94577970,mean,1,alive
94598497,mean,1,alive
17957416,median,1,alive
27197946,mean,1,alive
37968674,mean,1,alive
67743955,median,1,alive
67760025,median,1,alive
94771789,mean,1,alive
67941377,median,1,alive
68211127,median,1,alive
68307768,median,1,alive
68408293,median,1,alive
68672583,median,1,alive
38008900,mean,1,alive
27247857,mean,1,alive
27283589,mean,1,alive
94875846,mean,1,alive
74250226,median,1,alive
74294794,median,1,alive
74302787,median,1,alive
74369042,median,1,alive
74431040,median,1,alive
94930773,mean,1,alive
16438079,median,1,alive
74564832,median,1,alive
495267,median,1,alive
514273,median,1,alive
514778,median,1,alive
23190234,mean,1,alive
530832,median,1,alive
95110466,mean,1,alive
38163119,mean,1,alive
74626177,median,1,alive
74658972,median,1,alive
74708587,median,1,alive
74797986,median,1,alive
542803,median,1,alive
553776,median,1,alive
567388,median,1,alive
567503,median,1,alive
573162,median,1,alive
574202,median,1,alive
584441,median,1,alive
585018,median,1,alive
615757,median,1,alive
618967,median,1,alive
38208542,mean,1,alive
636233,median,1,alive
644526,median,1,alive
38222618,mean,1,alive
74972977,median,1,alive
16576647,median,1,alive
95316113,mean,1,alive
95328068,mean,1,alive
27396316,mean,1,alive
18253120,median,1,alive
75196147,median,1,alive
75296665,median,1,alive
75425991,median,1,alive
75462580,median,1,alive
16595464,median,1,alive
16597197,median,1,alive
674614,median,1,alive
12700936,median,1,alive
701870,median,1,alive
710004,median,1,alive
18303776,median,1,alive
95395240,mean,1,alive
75634782,median,1,alive
75682971,median,1,alive
75945170,median,1,alive
75965582,median,1,alive
75967778,median,1,alive
18340190,median,1,alive
721837,median,1,alive
724427,median,1,alive
100435287,median,1,alive
100437772,median,1,alive
100438941,median,1,alive
16576647,mean,1,alive
817585,median,1,alive
16681983,median,1,alive
854448,median,1,alive
16595464,mean,1,alive
16703464,median,1,alive
100440413,median,1,alive
77162584,median,1,alive
77202778,median,1,alive
18470773,median,1,alive
27566447,mean,1,alive
16681983,mean,1,alive
77517373,median,1,alive
77650794,median,1,alive
16703464,mean,1,alive
100441436,median,1,alive
77735587,median,1,alive
77771384,median,1,alive
77877058,median,1,alive
100443638,median,1,alive
100444452,median,1,alive
18540435,median,1,alive
966432,median,1,alive
988873,median,1,alive
1000371,median,1,alive
16849564,median,1,alive
100447417,median,1,alive
100451077,median,1,alive
78065976,median,1,alive
1058049,median,1,alive
1064971,median,1,alive
78395811,median,1,alive
78432374,median,1,alive
100455956,median,1,alive
78537370,median,1,alive
1076793,median,1,alive
1078971,median,1,alive
78564986,median,1,alive
1080928,median,1,alive
78601531,median,1,alive
78684578,median,1,alive
16849564,mean,1,alive
4450326,median,1,alive
16948424,median,1,alive
1102516,median,1,alive
12950945,median,1,alive
27922715,mean,1,alive
27927185,mean,1,alive
1124981,median,1,alive
100460846,median,1,alive
100460927,median,1,alive
1136779,median,1,alive
17015983,median,1,alive
78757572,median,1,alive
100463554,median,1,alive
79021374,median,1,alive
4494464,median,1,alive
27973601,mean,1,alive
27985480,mean,1,alive
27991744,mean,1,alive
28012086,mean,1,alive
16948424,mean,1,alive
1169515,median,1,alive
79160990,median,1,alive
17113655,median,1,alive
1191469,median,1,alive
28064749,mean,1,alive
100516728,median,1,alive
4570123,median,1,alive
1225135,median,1,alive
1232990,median,1,alive
100536246,median,1,alive
100541597,median,1,alive
79476974,median,1,alive
79540779,median,1,alive
13085550,median,1,alive
17113655,mean,1,alive
4602744,median,1,alive
1303783,median,1,alive
4614608,median,1,alive
1314889,median,1,alive
100545134,median,1,alive
79733218,median,1,alive
4619441,median,1,alive
4624540,median,1,alive
1333202,median,1,alive
79836425,median,1,alive
100548814,median,1,alive
79987970,median,1,alive
100549990,median,1,alive
100552357,median,1,alive
17227307,median,1,alive
1389444,median,1,alive
1390665,median,1,alive
80132970,median,1,alive
4689469,median,1,alive
100553531,median,1,alive
80427172,median,1,alive
17227307,mean,1,alive
80637978,median,1,alive
100555185,median,1,alive
17251901,median,1,alive
80693179,median,1,alive
80723778,median,1,alive
17251901,mean,1,alive
100555786,median,1,alive
4773016,median,1,alive
81251944,median,1,alive
81279374,median,1,alive
3114881,median,1,alive
3145455,median,1,alive
100561915,median,1,alive
100562124,median,1,alive
81889172,median,1,alive
28455400,mean,1,alive
100563471,median,1,alive
3163300,median,1,alive
28570273,mean,1,alive
100565086,median,1,alive
4904637,median,1,alive
100568541,median,1,alive
3193661,median,1,alive
100569499,median,1,alive
100571770,median,1,alive
100572019,median,1,alive
4984415,median,1,alive
3213824,median,1,alive
100573487,median,1,alive
100573845,median,1,alive
40896599,median,1,alive
40912370,median,1,alive
17554528,mean,1,alive
5046123,median,1,alive
3269081,median,1,alive
5069562,median,1,alive
5080726,median,1,alive
28717544,mean,1,alive
28718815,mean,1,alive
100578391,median,1,alive
40989402,median,1,alive
41017948,median,1,alive
1797604,median,1,alive
1799436,median,1,alive
1803816,median,1,alive
100580221,median,1,alive
100580618,median,1,alive
100580634,median,1,alive
100581769,median,1,alive
18303776,mice,1,alive
41071655,median,1,alive
41080805,median,1,alive
3309275,median,1,alive
3320140,median,1,alive
41086083,median,1,alive
18340190,mice,1,alive
5180450,median,1,alive
100588039,median,1,alive
100589613,median,1,alive
41116559,median,1,alive
100591329,median,1,alive
3349602,median,1,alive
100591563,median,1,alive
41128562,median,1,alive
41134297,median,1,alive
100591954,median,1,alive
3352044,median,1,alive
41159005,median,1,alive
3363942,median,1,alive
3367877,median,1,alive
41207374,median,1,alive
100600842,median,1,alive
100601365,median,1,alive
18470773,mice,1,alive
3403938,median,1,alive
41239492,median,1,alive
41251927,median,1,alive
100604159,median,1,alive
3476694,median,1,alive
5309067,median,1,alive
100605147,median,1,alive
100606013,median,1,alive
18540435,mice,1,alive
41262296,median,1,alive
5379243,median,1,alive
41297755,median,1,alive
3532314,median,1,alive
41307331,median,1,alive
100633323,median,1,alive
5385364,median,1,alive
41343740,median,1,alive
18636357,mice,1,alive
41372988,median,1,alive
41382599,median,1,alive
3607207,median,1,alive
100639936,median,1,alive
100640512,median,1,alive
100640554,median,1,alive
18710517,mice,1,alive
100642254,median,1,alive
100645078,median,1,alive
100646205,median,1,alive
5527601,median,1,alive
100646800,median,1,alive
18724146,mice,1,alive
18730705,mice,1,alive
100647819,median,1,alive
41912577,median,1,alive
17113655,mice,1,alive
3761673,median,1,alive
43810779,median,1,alive
17227307,mice,1,alive
17251901,mice,1,alive
18919530,mice,1,alive
44188779,median,1,alive
44360576,median,1,alive
44504173,median,1,alive
44701373,median,1,alive
19024868,mice,1,alive
45564176,median,1,alive
17554528,mice,1,alive
45746575,median,1,alive
45818176,median,1,alive
19199926,mice,1,alive
19200187,mice,1,alive
19220789,mice,1,alive
19230291,mice,1,alive
4155206,median,1,alive
19356427,mice,1,alive
4174249,median,1,alive
17721176,mice,1,alive
19467612,mice,1,alive
17735754,mice,1,alive
17757337,mice,1,alive
17786252,mice,1,alive
4330262,median,1,alive
48439772,median,1,alive
18253120,mice,1,alive
2837789,mice,1,alive
2872323,mice,1,alive
2914752,mice,1,alive
2955136,mice,1,alive
2988970,mice,1,alive
2995199,mice,1,alive
3093259,mice,1,alive
3096799,mice,1,alive
3114881,mice,1,alive
3145455,mice,1,alive
3163300,mice,1,alive
3193661,mice,1,alive
3213824,mice,1,alive
3309275,mice,1,alive
3311297,mice,1,alive
3320140,mice,1,alive
3349602,mice,1,alive
3352044,mice,1,alive
3363942,mice,1,alive
3367877,mice,1,alive
3476694,mice,1,alive
3532314,mice,1,alive
3535630,mice,1,alive
3607207,mice,1,alive
3999224,mice,1,alive
22746168,mice,1,alive
22914618,mice,1,alive
22936561,mice,1,alive
23190234,mice,1,alive
98914286,mice,1,alive
23677438,mice,1,alive
98954795,mice,1,alive
99477838,mice,1,alive
99487068,mice,1,alive
99581431,mice,1,alive
99592834,mice,1,alive
99631269,mice,1,alive
99674434,mice,1,alive
99737025,mice,1,alive
24023079,mice,1,alive
24047920,mice,1,alive
24050767,mice,1,alive
99787889,median,1,alive
99790032,median,1,alive
99797631,median,1,alive
99799231,median,1,alive
99799439,median,1,alive
99812836,median,1,alive
99817470,median,1,alive
99818635,median,1,alive
99829244,median,1,alive
99829731,median,1,alive
99845455,median,1,alive
99850943,median,1,alive
99851248,median,1,alive
99854234,median,1,alive
99854465,median,1,alive
99757106,mice,1,alive
99903361,median,1,alive
99910044,median,1,alive
99910432,median,1,alive
99935207,median,1,alive
99944126,median,1,alive
99951923,median,1,alive
99979767,median,1,alive
99979783,median,1,alive
100004534,median,1,alive
100005730,median,1,alive
100007275,median,1,alive
100013421,median,1,alive
100013705,median,1,alive
100017823,median,1,alive
100022710,median,1,alive
100024996,median,1,alive
100035646,median,1,alive
100041670,median,1,alive
100050998,median,1,alive
100051143,median,1,alive
100064240,median,1,alive
100068631,median,1,alive
100075031,median,1,alive
100085370,median,1,alive
100088235,median,1,alive
100101204,median,1,alive
100110874,median,1,alive
100120499,median,1,alive
100127111,median,1,alive
100129776,median,1,alive
100131564,median,1,alive
100135518,median,1,alive
100135675,median,1,alive
100137505,median,1,alive
100149434,median,1,alive
100153248,median,1,alive
100153982,median,1,alive
100160171,median,1,alive
100173183,median,1,alive
100212975,median,1,alive
100214585,median,1,alive
100219255,median,1,alive
100220659,median,1,alive
100224755,median,1,alive
99787889,mice,1,alive
99790032,mice,1,alive
99797631,mice,1,alive
99799231,mice,1,alive
99799439,mice,1,alive
33675778,mean,1,alive
99812836,mice,1,alive
99817470,mice,1,alive
99818635,mice,1,alive
99829244,mice,1,alive
99829731,mice,1,alive
99845455,mice,1,alive
99850943,mice,1,alive
99851248,mice,1,alive
99854234,mice,1,alive
99854465,mice,1,alive
99903361,mice,1,alive
99910044,mice,1,alive
99910432,mice,1,alive
99935207,mice,1,alive
99944126,mice,1,alive
33767955,mean,1,alive
99951923,mice,1,alive
99979767,mice,1,alive
99979783,mice,1,alive
100004534,mice,1,alive
100005730,mice,1,alive
100007275,mice,1,alive
100013421,mice,1,alive
100013705,mice,1,alive
100017823,mice,1,alive
100022710,mice,1,alive
100024996,mice,1,alive
100035646,mice,1,alive
100041670,mice,1,alive
100050998,mice,1,alive
100051143,mice,1,alive
100064240,mice,1,alive
100068631,mice,1,alive
100075031,mice,1,alive
100085370,mice,1,alive
100088235,mice,1,alive
100101204,mice,1,alive
100110874,mice,1,alive
100120499,mice,1,alive
100127111,mice,1,alive
100129776,mice,1,alive
100131564,mice,1,alive
100135518,mice,1,alive
100135675,mice,1,alive
100137505,mice,1,alive
100149434,mice,1,alive
100153248,mice,1,alive
100153982,mice,1,alive
100160171,mice,1,alive
100173183,mice,1,alive
100212975,mice,1,alive
100214585,mice,1,alive
33903972,mean,1,alive
100219255,mice,1,alive
100220659,mice,1,alive
100227961,median,1,alive
100229337,median,1,alive
100224755,mice,1,alive
98342959,mean,1,alive
100227961,mice,1,alive
100229337,mice,1,alive
100229966,mice,1,alive
100230247,mice,1,alive
100229966,median,1,alive
100230247,median,1,alive
98485865,mean,1,alive
98709223,mean,1,alive
98767874,mean,1,alive
100237449,median,1,alive
100291172,median,1,alive
100292990,median,1,alive
100294022,median,1,alive
100294028,median,1,alive
100294030,median,1,alive
100237449,mice,1,alive
100299031,median,1,alive
100291172,mice,1,alive
100292990,mice,1,alive
100294022,mice,1,alive
100294028,mice,1,alive
100294030,mice,1,alive
98869597,mean,1,alive
100299031,mice,1,alive
100306857,mice,1,alive
100307387,mice,1,alive
98914286,mean,1,alive
4099172,mice,1,alive
4155206,mice,1,alive
4174249,mice,1,alive
100308418,mice,1,alive
100308432,mice,1,alive
100309608,mice,1,alive
100310793,mice,1,alive
100311789,mice,1,alive
98954795,mean,1,alive
100306857,median,1,alive
100307387,median,1,alive
100308418,median,1,alive
100308432,median,1,alive
100309608,median,1,alive
100314125,mice,1,alive
100316173,mice,1,alive
99477838,mean,1,alive
99487068,mean,1,alive
100310793,median,1,alive
100311789,median,1,alive
100314125,median,1,alive
100316173,median,1,alive
100319784,mice,1,alive
100319784,median,1,alive
100322435,mice,1,alive
100323912,mice,1,alive
100328263,mice,1,alive
100328369,mice,1,alive
99581431,mean,1,alive
99592834,mean,1,alive
100329242,mice,1,alive
100329682,mice,1,alive
100329938,mice,1,alive
100330060,mice,1,alive
100330972,mice,1,alive
100331373,mice,1,alive
100332086,mice,1,alive
100332110,mice,1,alive
100332181,mice,1,alive
100332725,mice,1,alive
100332729,mice,1,alive
100332793,mice,1,alive
99631269,mean,1,alive
100322435,median,1,alive
99674434,mean,1,alive
100323912,median,1,alive
99737025,mean,1,alive
100328263,median,1,alive
100328369,median,1,alive
100329242,median,1,alive
100329682,median,1,alive
100329938,median,1,alive
4330262,mice,1,alive
100333229,mice,1,alive
100333275,mice,1,alive
100334417,mice,1,alive
100334458,mice,1,alive
99757106,mean,1,alive
100330060,median,1,alive
100330972,median,1,alive
100334822,mice,1,alive
100334940,mice,1,alive
100335219,mice,1,alive
100335432,mice,1,alive
100336059,mice,1,alive
100336354,mice,1,alive
100331373,median,1,alive
100332086,median,1,alive
100332110,median,1,alive
100332181,median,1,alive
100332725,median,1,alive
100332729,median,1,alive
100332793,median,1,alive
100333229,median,1,alive
100333275,median,1,alive
100333517,median,1,alive
100334417,median,1,alive
100334458,median,1,alive
100334822,median,1,alive
100334940,median,1,alive
100335219,median,1,alive
99787889,mean,1,alive
99790032,mean,1,alive
99797631,mean,1,alive
99799231,mean,1,alive
99799439,mean,1,alive
4450326,mice,1,alive
100342926,mice,1,alive
100345333,mice,1,alive
100345665,mice,1,alive
100352097,mice,1,alive
99812836,mean,1,alive
99817470,mean,1,alive
99818635,mean,1,alive
99829244,mean,1,alive
99829731,mean,1,alive
99845455,mean,1,alive
99850943,mean,1,alive
99851248,mean,1,alive
4494464,mice,1,alive
99854234,mean,1,alive
99854465,mean,1,alive
100335432,median,1,alive
100336059,median,1,alive
100336354,median,1,alive
40595449,mice,1,alive
99903361,mean,1,alive
99910044,mean,1,alive
99910432,mean,1,alive
99935207,mean,1,alive
99944126,mean,1,alive
99951923,mean,1,alive
99979767,mean,1,alive
99979783,mean,1,alive
100342926,median,1,alive
4570123,mice,1,alive
4602744,mice,1,alive
100004534,mean,1,alive
100005730,mean,1,alive
100007275,mean,1,alive
100013421,mean,1,alive
100013705,mean,1,alive
100017823,mean,1,alive
100022710,mean,1,alive
100024996,mean,1,alive
100345333,median,1,alive
100345665,median,1,alive
40675720,mice,1,alive
4614608,mice,1,alive
4619441,mice,1,alive
4624540,mice,1,alive
40689333,mice,1,alive
40689945,mice,1,alive
100035646,mean,1,alive
100041670,mean,1,alive
100050998,mean,1,alive
100051143,mean,1,alive
40710865,mice,1,alive
100064240,mean,1,alive
100068631,mean,1,alive
100075031,mean,1,alive
100085370,mean,1,alive
100088235,mean,1,alive
100101204,mean,1,alive
100110874,mean,1,alive
100120499,mean,1,alive
100127111,mean,1,alive
100129776,mean,1,alive
100131564,mean,1,alive
100135518,mean,1,alive
100135675,mean,1,alive
100137505,mean,1,alive
100149434,mean,1,alive
100153248,mean,1,alive
100153982,mean,1,alive
100160171,mean,1,alive
100352097,median,1,alive
4689469,mice,1,alive
100356721,median,1,alive
100356948,median,1,alive
100173183,mean,1,alive
100212975,mean,1,alive
100214585,mean,1,alive
100360659,median,1,alive
100219255,mean,1,alive
100220659,mean,1,alive
4773016,mice,1,alive
40745432,mice,1,alive
100365193,median,1,alive
100365228,median,1,alive
100370024,median,1,alive
100371765,median,1,alive
100372532,median,1,alive
100224755,mean,1,alive
40790115,mice,1,alive
4904637,mice,1,alive
35891415,mean,1,alive
100381680,median,1,alive
100381738,median,1,alive
100381740,median,1,alive
4984415,mice,1,alive
35960210,mean,1,alive
35982180,mean,1,alive
100405628,median,1,alive
36034569,mean,1,alive
5046123,mice,1,alive
5069562,mice,1,alive
40896599,mice,1,alive
5080726,mice,1,alive
36085991,mean,1,alive
36105450,mean,1,alive
40912370,mice,1,alive
36112399,mean,1,alive
40989402,mice,1,alive
41017948,mice,1,alive
41071655,mice,1,alive
41080805,mice,1,alive
41086083,mice,1,alive
41116559,mice,1,alive
41128562,mice,1,alive
41134297,mice,1,alive
38304986,mean,1,alive
38321253,mean,1,alive
38349825,mean,1,alive
36318624,mean,1,alive
36340701,mean,1,alive
23190234,median,1,alive
38353785,mean,1,alive
38355731,mean,1,alive
38357943,mean,1,alive
38379467,mean,1,alive
41150871,mice,1,alive
41159005,mice,1,alive
32153256,mean,1,alive
41207374,mice,1,alive
41239492,mice,1,alive
36452969,mean,1,alive
36461093,mean,1,alive
41251927,mice,1,alive
32278103,mean,1,alive
41297755,mice,1,alive
41307331,mice,1,alive
32335903,mean,1,alive
36479970,mean,1,alive
36486173,mean,1,alive
38445581,mean,1,alive
38448429,mean,1,alive
38448494,mean,1,alive
38465803,mean,1,alive
32404147,mean,1,alive
32407405,mean,1,alive
38491759,mean,1,alive
36562049,mean,1,alive
38499547,mean,1,alive
41343740,mice,1,alive
32513236,mean,1,alive
41372988,mice,1,alive
36606275,mean,1,alive
36647097,mean,1,alive
41382599,mice,1,alive
32577702,mean,1,alive
36683183,mean,1,alive
41912577,mice,1,alive
38597688,mean,1,alive
38635058,mean,1,alive
38690921,mean,1,alive
36802999,mean,1,alive
36822013,mean,1,alive
36857530,mean,1,alive
23677438,median,1,alive
43810779,mice,1,alive
38879862,mean,1,alive
44188779,mice,1,alive
39019856,mean,1,alive
44360576,mice,1,alive
39110333,mean,1,alive
39303904,mean,1,alive
44504173,mice,1,alive
39458716,mean,1,alive
44701373,mice,1,alive
36894988,mean,1,alive
45564176,mice,1,alive
45746575,mice,1,alive
45818176,mice,1,alive
39501929,mean,1,alive
39533641,mean,1,alive
39541602,mean,1,alive
39546981,mean,1,alive
6820195,median,1,alive
30138325,mean,1,alive
30174064,mean,1,alive
30191290,mean,1,alive
30269799,mean,1,alive
39616198,mean,1,alive
30294086,mean,1,alive
30365019,mean,1,alive
24023079,median,1,alive
30392104,mean,1,alive
24047920,median,1,alive
24050767,median,1,alive
33166752,mean,1,alive
39746003,mean,1,alive
39791587,mean,1,alive
7317142,median,1,alive
33278433,mean,1,alive
7067416,median,1,alive
33310160,mean,1,alive
33324013,mean,1,alive
39821640,mean,1,alive
7372071,median,1,alive
7137730,median,1,alive
39902325,mean,1,alive
39921861,mean,1,alive
7185366,median,1,alive
7188857,median,1,alive
7477417,median,1,alive
7513914,median,1,alive
39973722,mean,1,alive
31741580,median,1,alive
7225212,median,1,alive
7569403,median,1,alive
966432,mean,1,alive
7664220,median,1,alive
988873,mean,1,alive
1000371,mean,1,alive
35007139,median,1,alive
7682867,median,1,alive
7691066,median,1,alive
1058049,mean,1,alive
1064971,mean,1,alive
1076793,mean,1,alive
1078971,mean,1,alive
1080928,mean,1,alive
1102516,mean,1,alive
35008712,median,1,alive
35009755,median,1,alive
7753361,median,1,alive
1124981,mean,1,alive
1136779,mean,1,alive
1169515,mean,1,alive
1178151,mean,1,alive
1191469,mean,1,alive
35016646,median,1,alive
35016866,median,1,alive
35018073,median,1,alive
1225135,mean,1,alive
1232602,mean,1,alive
1232990,mean,1,alive
7791601,median,1,alive
7793524,median,1,alive
1303783,mean,1,alive
1314889,mean,1,alive
35065044,median,1,alive
1333202,mean,1,alive
32132961,median,1,alive
7848781,median,1,alive
32153256,median,1,alive
1389444,mean,1,alive
35112861,median,1,alive
35129659,median,1,alive
7871437,median,1,alive
101165797,mice,1,alive
101167771,mice,1,alive
101167786,mice,1,alive
101167870,mice,1,alive
100600842,mice,1,alive
100601365,mice,1,alive
101175127,mice,1,alive
101177031,mice,1,alive
101177079,mice,1,alive
101177090,mice,1,alive
101179182,mice,1,alive
100604159,mice,1,alive
100605147,mice,1,alive
100606013,mice,1,alive
101182225,mice,1,alive
101183573,mice,1,alive
101183609,mice,1,alive
101184553,mice,1,alive
101184555,mice,1,alive
7904576,median,1,alive
32278103,median,1,alive
101187439,mice,1,alive
32335903,median,1,alive
101188558,mice,1,alive
100633323,mice,1,alive
101235726,mice,1,alive
101235992,mice,1,alive
35260769,median,1,alive
35271246,median,1,alive
101253382,mice,1,alive
101253394,mice,1,alive
101253399,mice,1,alive
100639936,mice,1,alive
101255070,mice,1,alive
32404147,median,1,alive
32407405,median,1,alive
100640512,mice,1,alive
100640554,mice,1,alive
101257375,mice,1,alive
101257388,mice,1,alive
8557217,mean,1,alive
101264543,mice,1,alive
101271053,mice,1,alive
101288406,mice,1,alive
101288468,mice,1,alive
100642254,mice,1,alive
101289650,mice,1,alive
101293278,mice,1,alive
100645078,mice,1,alive
35314095,median,1,alive
100646205,mice,1,alive
32513236,median,1,alive
101294932,mice,1,alive
101295256,mice,1,alive
101295546,mice,1,alive
101295671,mice,1,alive
101296270,mice,1,alive
100646800,mice,1,alive
100647819,mice,1,alive
100649467,mice,1,alive
101299312,mice,1,alive
101299938,mice,1,alive
101299943,mice,1,alive
101301334,mice,1,alive
100656515,mice,1,alive
100660690,mice,1,alive
1797604,mean,1,alive
1799436,mean,1,alive
1803816,mean,1,alive
1862036,mean,1,alive
1863794,mean,1,alive
1879949,mean,1,alive
100660979,mice,1,alive
100661112,mice,1,alive
100661571,mice,1,alive
100662688,mice,1,alive
100664585,mice,1,alive
32577702,median,1,alive
1925429,mean,1,alive
101325759,mice,1,alive
100669018,mice,1,alive
101332365,mice,1,alive
101337470,mice,1,alive
1956168,mean,1,alive
100676990,mice,1,alive
101361950,mice,1,alive
101366707,mice,1,alive
35496348,median,1,alive
68790096,mice,1,alive
58447012,median,1,alive
68882919,mice,1,alive
69017770,mice,1,alive
69629970,mice,1,alive
69633790,mice,1,alive
100695015,mice,1,alive
69667574,mice,1,alive
69668176,mice,1,alive
69699973,mice,1,alive
69944395,mice,1,alive
59149302,median,1,alive
100716488,mice,1,alive
70382437,mice,1,alive
97347769,mean,1,alive
59218800,median,1,alive
100733455,mice,1,alive
97382253,mean,1,alive
100744355,mice,1,alive
97390231,mean,1,alive
71038780,mice,1,alive
71120570,mice,1,alive
71152573,mice,1,alive
71153084,mice,1,alive
97407589,mean,1,alive
71296602,mice,1,alive
97411383,mean,1,alive
71322184,mice,1,alive
9003609,mean,1,alive
9017096,mean,1,alive
71596779,mice,1,alive
100763742,mice,1,alive
100763988,mice,1,alive
100769507,mice,1,alive
100773390,mice,1,alive
97460596,mean,1,alive
97462873,mean,1,alive
97462931,mean,1,alive
71846778,mice,1,alive
71881973,mice,1,alive
97472526,mean,1,alive
97472559,mean,1,alive
59835975,median,1,alive
16169492,mice,1,alive
59882175,median,1,alive
100774320,mice,1,alive
100776775,mice,1,alive
60280971,median,1,alive
16187833,mice,1,alive
97490502,mean,1,alive
97502645,mean,1,alive
71910376,mice,1,alive
9097734,mean,1,alive
71981773,mice,1,alive
60551173,median,1,alive
97538342,mean,1,alive
72026784,mice,1,alive
97546527,mean,1,alive
72042575,mice,1,alive
100784206,mice,1,alive
72105216,mice,1,alive
60612983,median,1,alive
100786244,mice,1,alive
72227572,mice,1,alive
60659752,median,1,alive
97571913,mean,1,alive
97575435,mean,1,alive
97576045,mean,1,alive
97576052,mean,1,alive
97585467,mean,1,alive
97585475,mean,1,alive
97588438,mean,1,alive
97596407,mean,1,alive
97608269,mean,1,alive
97608863,mean,1,alive
100787713,mice,1,alive
100787783,mice,1,alive
72511371,mice,1,alive
72513179,mice,1,alive
72513377,mice,1,alive
100789651,mice,1,alive
100790002,mice,1,alive
100790250,mice,1,alive
100790387,mice,1,alive
72693179,mice,1,alive
97619589,mean,1,alive
9168352,mean,1,alive
97622633,mean,1,alive
72775778,mice,1,alive
72779176,mice,1,alive
97634430,mean,1,alive
60823572,median,1,alive
72838972,mice,1,alive
72861370,mice,1,alive
61112876,median,1,alive
61113072,median,1,alive
72915978,mice,1,alive
72919178,mice,1,alive
100791977,mice,1,alive
73018376,mice,1,alive
9195207,mean,1,alive
100792804,mice,1,alive
100793568,mice,1,alive
100793623,mice,1,alive
100793703,mice,1,alive
100793774,mice,1,alive
100793797,mice,1,alive
73219974,mice,1,alive
100793936,mice,1,alive
100794289,mice,1,alive
100794753,mice,1,alive
100794790,mice,1,alive
100794795,mice,1,alive
97682306,mean,1,alive
97700504,mean,1,alive
100796307,mice,1,alive
100796682,mice,1,alive
73529570,mice,1,alive
100797388,mice,1,alive
100797723,mice,1,alive
97718423,mean,1,alive
33166752,median,1,alive
100805456,mice,1,alive
100805747,mice,1,alive
73906372,mice,1,alive
6510,mice,1,alive
7476,mice,1,alive
16438079,mice,1,alive
61563771,median,1,alive
9330127,mean,1,alive
61582581,median,1,alive
100807528,mice,1,alive
61585378,median,1,alive
61620175,median,1,alive
61623153,median,1,alive
97872766,mean,1,alive
100809242,mice,1,alive
100809521,mice,1,alive
100810018,mice,1,alive
33084,mice,1,alive
36913,mice,1,alive
40832,mice,1,alive
61662763,median,1,alive
100813357,mice,1,alive
100814384,mice,1,alive
100814609,mice,1,alive
92106,mice,1,alive
28455400,median,1,alive
100817059,mice,1,alive
100817128,mice,1,alive
9504788,mean,1,alive
16576647,mice,1,alive
100818392,mice,1,alive
100819320,mice,1,alive
16595464,mice,1,alive
92259696,mice,1,alive
92296375,mice,1,alive
9605536,mean,1,alive
25419664,mice,1,alive
92321207,mice,1,alive
92329606,mice,1,alive
92347905,mice,1,alive
16681983,mice,1,alive
92388438,mice,1,alive
62046370,median,1,alive
62226972,median,1,alive
16703464,mice,1,alive
36452969,mice,1,alive
36461093,mice,1,alive
62449376,median,1,alive
28570273,median,1,alive
9701574,mean,1,alive
25520784,mice,1,alive
36479970,mice,1,alive
36486173,mice,1,alive
92450824,mice,1,alive
9738824,mean,1,alive
92503150,mice,1,alive
92517812,mice,1,alive
92522440,mice,1,alive
92553858,mice,1,alive
16849564,mice,1,alive
36562049,mice,1,alive
63367783,median,1,alive
63389787,median,1,alive
63402192,median,1,alive
36606275,mice,1,alive
92637693,mice,1,alive
92643881,mice,1,alive
92654151,mice,1,alive
36647097,mice,1,alive
92658814,mice,1,alive
9804600,mean,1,alive
63884878,median,1,alive
28717544,median,1,alive
28718815,median,1,alive
9821331,mean,1,alive
63952956,median,1,alive
16948424,mice,1,alive
36683183,mice,1,alive
92723857,mice,1,alive
92732304,mice,1,alive
92739325,mice,1,alive
92748029,mice,1,alive
92751403,mice,1,alive
92775238,mice,1,alive
92780121,mice,1,alive
92781236,mice,1,alive
92803899,mice,1,alive
64115975,median,1,alive
64118193,median,1,alive
64164387,median,1,alive
92816115,mice,1,alive
92829050,mice,1,alive
64348725,median,1,alive
64367592,median,1,alive
64371578,median,1,alive
64418619,median,1,alive
92860121,mice,1,alive
92860139,mice,1,alive
92860147,mice,1,alive
64525397,median,1,alive
28880391,median,1,alive
10005577,mean,1,alive
36802999,mice,1,alive
25860123,mice,1,alive
25864331,mice,1,alive
25894114,mice,1,alive
36822013,mice,1,alive
36857530,mice,1,alive
64627805,median,1,alive
64671811,median,1,alive
10056091,mean,1,alive
92909886,mice,1,alive
92917871,mice,1,alive
64755382,median,1,alive
28962587,median,1,alive
64809973,median,1,alive
10076008,mean,1,alive
36894988,mice,1,alive
10095677,mean,1,alive
10110336,mean,1,alive
92970243,mice,1,alive
25983297,mice,1,alive
26011684,mice,1,alive
26011700,mice,1,alive
29025590,median,1,alive
10129187,mean,1,alive
29038270,median,1,alive
29046786,median,1,alive
65090979,median,1,alive
93036507,mice,1,alive
29070505,median,1,alive
93372886,mice,1,alive
93432938,mice,1,alive
93438190,mice,1,alive
93442648,mice,1,alive
65482770,median,1,alive
65628984,median,1,alive
93466407,mice,1,alive
65739781,median,1,alive
65946782,median,1,alive
37032687,mice,1,alive
93525434,mice,1,alive
93540557,mice,1,alive
93546638,mice,1,alive
14417133,mice,1,alive
26120014,mice,1,alive
93597433,mice,1,alive
93600971,mice,1,alive
93608040,mice,1,alive
26132514,mice,1,alive
93618122,mice,1,alive
93622033,mice,1,alive
93635779,mice,1,alive
14431506,mice,1,alive
37122512,mice,1,alive
93653244,mice,1,alive
93672061,mice,1,alive
93676559,mice,1,alive
93698033,mice,1,alive
93719169,mice,1,alive
37147584,mice,1,alive
93727519,mice,1,alive
37159241,mice,1,alive
93733996,mice,1,alive
26218859,mice,1,alive
93760502,mice,1,alive
93763191,mice,1,alive
93769891,mice,1,alive
93800514,mice,1,alive
93801215,mice,1,alive
93804979,mice,1,alive
93809770,mice,1,alive
93811131,mice,1,alive
93813004,mice,1,alive
93820132,mice,1,alive
93821452,mice,1,alive
93836674,mice,1,alive
14600837,mice,1,alive
93877033,mice,1,alive
37264850,mice,1,alive
93946234,mice,1,alive
93958239,mice,1,alive
37293420,mice,1,alive
94005261,mice,1,alive
37318441,mice,1,alive
94027570,mice,1,alive
94064300,mice,1,alive
94066164,mice,1,alive
37347564,mice,1,alive
37407814,mice,1,alive
37422698,mice,1,alive
95475034,mean,1,alive
95514931,mean,1,alive
95515680,mean,1,alive
95526893,mean,1,alive
95539557,mean,1,alive
37438306,mice,1,alive
95550786,mean,1,alive
95561056,mean,1,alive
26567008,mice,1,alive
95632014,mean,1,alive
95642260,mean,1,alive
95674461,mean,1,alive
37483187,mice,1,alive
29520871,median,1,alive
95679379,mean,1,alive
95684585,mean,1,alive
95698247,mean,1,alive
95719902,mean,1,alive
95720124,mean,1,alive
37508405,mice,1,alive
95736096,mean,1,alive
95736674,mean,1,alive
95737581,mean,1,alive
95748943,mean,1,alive
95751285,mean,1,alive
95751368,mean,1,alive
95752036,mean,1,alive
95763033,mean,1,alive
95768438,mean,1,alive
95774428,mean,1,alive
95778809,mean,1,alive
95830436,mean,1,alive
95838298,mean,1,alive
95847638,mean,1,alive
95856605,mean,1,alive
95868618,mean,1,alive
13656996,mean,1,alive
37613890,mice,1,alive
95905238,mean,1,alive
95925285,mean,1,alive
96069257,mean,1,alive
96088836,mean,1,alive
96090691,mean,1,alive
96097316,mean,1,alive
96112974,mean,1,alive
96140355,mean,1,alive
96173232,mean,1,alive
96197686,mean,1,alive
12700936,mean,1,alive
96212303,mean,1,alive
96258439,mean,1,alive
96268511,mean,1,alive
15426778,mice,1,alive
96364146,mean,1,alive
96424445,mean,1,alive
96444740,mean,1,alive
96445416,mean,1,alive
96457635,mean,1,alive
96475835,mean,1,alive
96501036,mean,1,alive
12950945,mean,1,alive
96561972,mean,1,alive
96562947,mean,1,alive
96603873,mean,1,alive
96704754,mean,1,alive
96752043,mean,1,alive
96792965,mean,1,alive
14417133,mean,1,alive
14431506,mean,1,alive
96927702,mean,1,alive
96972161,mean,1,alive
97000681,mean,1,alive
97004741,mean,1,alive
97008429,mean,1,alive
97011035,mean,1,alive
97013627,mean,1,alive
14600837,mean,1,alive
97033658,mean,1,alive
97105639,mean,1,alive
97125660,mean,1,alive
97125678,mean,1,alive
97125686,mean,1,alive
97125702,mean,1,alive
97133847,mean,1,alive
97143556,mean,1,alive
97149637,mean,1,alive
97162234,mean,1,alive
97166714,mean,1,alive
97228852,mean,1,alive
97233845,mean,1,alive
97236830,mean,1,alive
97261838,mean,1,alive
97269336,mean,1,alive
97323117,mean,1,alive
97323273,mean,1,alive
18919530,mean,1,alive
19024868,mean,1,alive
19199926,mean,1,alive
19200187,mean,1,alive
19220789,mean,1,alive
10005577,median,1,alive
35550029,median,1,alive
19230291,mean,1,alive
10056091,median,1,alive
35597236,median,1,alive
10076008,median,1,alive
10095677,median,1,alive
10110336,median,1,alive
19356427,mean,1,alive
10134328,median,1,alive
35661040,median,1,alive
35712793,median,1,alive
19467612,mean,1,alive
35891415,median,1,alive
19655257,mean,1,alive
10355030,median,1,alive
10367258,median,1,alive
35960210,median,1,alive
35982180,median,1,alive
36034569,median,1,alive
19906205,mean,1,alive
36085991,median,1,alive
10618056,median,1,alive
36105450,median,1,alive
36112399,median,1,alive
30481048,mean,1,alive
30516678,mean,1,alive
30550867,mean,1,alive
10800449,median,1,alive
36340701,median,1,alive
36452969,median,1,alive
36461093,median,1,alive
36479970,median,1,alive
36486173,median,1,alive
36562049,median,1,alive
27197946,median,1,alive
13656996,mice,1,alive
36606275,median,1,alive
36647097,median,1,alive
27247857,median,1,alive
36683183,median,1,alive
27283589,median,1,alive
27396316,median,1,alive
30698617,mean,1,alive
30698641,mean,1,alive
30710305,mean,1,alive
27566447,median,1,alive
30904445,mean,1,alive
30910863,mean,1,alive
30919260,mean,1,alive
30943583,mean,1,alive
31256431,mean,1,alive
27922715,median,1,alive
27927185,median,1,alive
31425713,mean,1,alive
31519242,mean,1,alive
27973601,median,1,alive
27985480,median,1,alive
27991744,median,1,alive
28012086,median,1,alive
31607401,mean,1,alive
28064749,median,1,alive
31741580,mean,1,alive
28284032,median,1,alive
