ROI_FAMILY_ID,Flag Field,Effective Date,End Date,Removal Date
79476974,IH_BEQUEST,7/2/24,,
79540779,IH_BEQUEST,7/2/24,,
79733218,IH_BEQUEST,7/2/24,,
79836425,IH_BEQUEST,7/2/24,,
79987970,IH_BEQUEST,7/2/24,,
80132970,IH_BEQUEST,7/2/24,,
80427172,IH_BEQUEST,7/2/24,,
80637978,IH_BEQUEST,7/2/24,,
80693179,IH_BEQUEST,7/2/24,,
81251944,IH_BEQUEST,7/2/24,,
81279374,IH_BEQUEST,7/2/24,,
81889172,IH_BEQUEST,7/2/24,,
82346974,IH_BEQUEST,7/2/24,,
82353574,IH_BEQUEST,7/2/24,,
82399171,IH_BEQUEST,7/2/24,,
83549576,IH_BEQUEST,7/2/24,,
83772186,IH_BEQUEST,7/2/24,,
83783977,IH_BEQUEST,7/2/24,,
84036797,IH_BEQUEST,7/2/24,,
84075902,IH_BEQUEST,7/2/24,,
84153170,IH_BEQUEST,7/2/24,,
84199579,IH_BEQUEST,7/2/24,,
84284371,IH_BEQUEST,7/2/24,,
84305697,IH_BEQUEST,7/2/24,,
84308378,IH_BEQUEST,7/2/24,,
84729995,IH_BEQUEST,7/2/24,,
84734979,IH_BEQUEST,7/2/24,,
84757574,IH_BEQUEST,7/2/24,,
85196798,IH_BEQUEST,7/2/24,,
85669976,IH_BEQUEST,7/2/24,,
86114576,IH_BEQUEST,7/2/24,,
86226370,IH_BEQUEST,7/2/24,,
86355567,IH_BEQUEST,7/2/24,,
86543576,IH_BEQUEST,7/2/24,,
86559788,IH_BEQUEST,7/2/24,,
86743978,IH_BEQUEST,7/2/24,,
86808177,IH_BEQUEST,7/2/24,,
87357778,IH_BEQUEST,7/2/24,,
87358370,IH_BEQUEST,7/2/24,,
87361572,IH_BEQUEST,7/2/24,,
87513776,IH_BEQUEST,7/2/24,,
87550372,IH_BEQUEST,7/2/24,,
87606380,IH_BEQUEST,7/2/24,,
87767208,IH_BEQUEST,7/2/24,,
87798575,IH_BEQUEST,7/2/24,,
87798773,IH_BEQUEST,7/2/24,,
87813374,IH_BEQUEST,7/2/24,,
88230974,IH_BEQUEST,7/2/24,,
88576764,IH_BEQUEST,7/2/24,,
88776208,IH_BEQUEST,7/2/24,,
88879176,IH_BEQUEST,7/2/24,,
88941174,IH_BEQUEST,7/2/24,,
89406789,IH_BEQUEST,7/2/24,,
89533376,IH_BEQUEST,7/2/24,,
89546865,IH_BEQUEST,7/2/24,,
37620051,IH_BEQUEST,7/2/24,,
37714136,IH_BEQUEST,7/2/24,,
37725009,IH_BEQUEST,7/2/24,,
37753118,IH_BEQUEST,7/2/24,,
37826997,IH_BEQUEST,7/2/24,,
37834223,IH_BEQUEST,7/2/24,,
37837143,IH_BEQUEST,7/2/24,,
37896123,IH_BEQUEST,7/2/24,,
37911195,IH_BEQUEST,7/2/24,,
37968674,IH_BEQUEST,7/2/24,,
38008900,IH_BEQUEST,7/2/24,,
38163119,IH_BEQUEST,7/2/24,,
89805972,IH_BEQUEST,7/2/24,,
89813372,IH_BEQUEST,7/2/24,,
90010794,IH_BEQUEST,7/2/24,,
90039876,IH_BEQUEST,7/2/24,,
90235227,IH_BEQUEST,7/2/24,,
90275892,IH_BEQUEST,7/2/24,,
90318866,IH_BEQUEST,7/2/24,,
90363839,IH_BEQUEST,7/2/24,,
90368465,IH_BEQUEST,7/2/24,,
90603184,IH_BEQUEST,7/2/24,,
90704537,IH_BEQUEST,7/2/24,,
90882192,IH_BEQUEST,7/2/24,,
90936378,IH_BEQUEST,7/2/24,,
90971037,IH_BEQUEST,7/2/24,,
91085373,IH_BEQUEST,7/2/24,,
100649467,IH_BEQUEST,7/2/24,,
100656515,IH_BEQUEST,7/2/24,,
100660690,IH_BEQUEST,7/2/24,,
100660979,IH_BEQUEST,7/2/24,,
100661112,IH_BEQUEST,7/2/24,,
100661571,IH_BEQUEST,7/2/24,,
100662688,IH_BEQUEST,7/2/24,,
100664585,IH_BEQUEST,7/2/24,,
38208542,IH_BEQUEST,7/2/24,,
38222618,IH_BEQUEST,7/2/24,,
100669018,IH_BEQUEST,7/2/24,,
1797604,IH_BEQUEST,7/2/24,,
1799436,IH_BEQUEST,7/2/24,,
1803816,IH_BEQUEST,7/2/24,,
100676990,IH_BEQUEST,7/2/24,,
38304986,IH_BEQUEST,7/2/24,,
38321253,IH_BEQUEST,7/2/24,,
100695015,IH_BEQUEST,7/2/24,,
100716488,IH_BEQUEST,7/2/24,,
1862036,IH_BEQUEST,7/2/24,,
1863794,IH_BEQUEST,7/2/24,,
1879949,IH_BEQUEST,7/2/24,,
38349825,IH_BEQUEST,7/2/24,,
38353785,IH_BEQUEST,7/2/24,,
38355731,IH_BEQUEST,7/2/24,,
38357943,IH_BEQUEST,7/2/24,,
38379467,IH_BEQUEST,7/2/24,,
38445581,IH_BEQUEST,7/2/24,,
1925429,IH_BEQUEST,7/2/24,,
38448429,IH_BEQUEST,7/2/24,,
38448494,IH_BEQUEST,7/2/24,,
100733455,IH_BEQUEST,7/2/24,,
1956168,IH_BEQUEST,7/2/24,,
100744355,IH_BEQUEST,7/2/24,,
100763742,IH_BEQUEST,7/2/24,,
100763988,IH_BEQUEST,7/2/24,,
100769507,IH_BEQUEST,7/2/24,,
100773390,IH_BEQUEST,7/2/24,,
100774320,IH_BEQUEST,7/2/24,,
100776775,IH_BEQUEST,7/2/24,,
100781423,IH_BEQUEST,7/2/24,,
2226389,IH_BEQUEST,7/2/24,,
2227494,IH_BEQUEST,7/2/24,,
100784206,IH_BEQUEST,7/2/24,,
100786244,IH_BEQUEST,7/2/24,,
100787713,IH_BEQUEST,7/2/24,,
100787783,IH_BEQUEST,7/2/24,,
100788098,IH_BEQUEST,7/2/24,,
38465803,IH_BEQUEST,7/2/24,,
38491759,IH_BEQUEST,7/2/24,,
100789651,IH_BEQUEST,7/2/24,,
100790002,IH_BEQUEST,7/2/24,,
100790250,IH_BEQUEST,7/2/24,,
100790387,IH_BEQUEST,7/2/24,,
100791977,IH_BEQUEST,7/2/24,,
100792804,IH_BEQUEST,7/2/24,,
9605536,IH_BEQUEST,7/2/24,,
38499547,IH_BEQUEST,7/2/24,,
100793568,IH_BEQUEST,7/2/24,,
100793623,IH_BEQUEST,7/2/24,,
100793703,IH_BEQUEST,7/2/24,,
100793774,IH_BEQUEST,7/2/24,,
100793797,IH_BEQUEST,7/2/24,,
100793936,IH_BEQUEST,7/2/24,,
100794289,IH_BEQUEST,7/2/24,,
100794753,IH_BEQUEST,7/2/24,,
100794790,IH_BEQUEST,7/2/24,,
100794795,IH_BEQUEST,7/2/24,,
100796307,IH_BEQUEST,7/2/24,,
100796682,IH_BEQUEST,7/2/24,,
2357960,IH_BEQUEST,7/2/24,,
5270921,IH_BEQUEST,7/2/24,,
100797388,IH_BEQUEST,7/2/24,,
100797723,IH_BEQUEST,7/2/24,,
5309067,IH_BEQUEST,7/2/24,,
2397198,IH_BEQUEST,7/2/24,,
9701574,IH_BEQUEST,7/2/24,,
55942601,IH_BEQUEST,7/2/24,,
56056484,IH_BEQUEST,7/2/24,,
2422194,IH_BEQUEST,7/2/24,,
38597688,IH_BEQUEST,7/2/24,,
9738824,IH_BEQUEST,7/2/24,,
38635058,IH_BEQUEST,7/2/24,,
100805456,IH_BEQUEST,7/2/24,,
100805747,IH_BEQUEST,7/2/24,,
2466480,IH_BEQUEST,7/2/24,,
2493492,IH_BEQUEST,7/2/24,,
100807528,IH_BEQUEST,7/2/24,,
5379243,IH_BEQUEST,7/2/24,,
5385364,IH_BEQUEST,7/2/24,,
100809242,IH_BEQUEST,7/2/24,,
100809521,IH_BEQUEST,7/2/24,,
38690921,IH_BEQUEST,7/2/24,,
100810018,IH_BEQUEST,7/2/24,,
2518801,IH_BEQUEST,7/2/24,,
2539930,IH_BEQUEST,7/2/24,,
100813357,IH_BEQUEST,7/2/24,,
100814384,IH_BEQUEST,7/2/24,,
100814609,IH_BEQUEST,7/2/24,,
2587954,IH_BEQUEST,7/2/24,,
9804600,IH_BEQUEST,7/2/24,,
2604783,IH_BEQUEST,7/2/24,,
100817059,IH_BEQUEST,7/2/24,,
100817128,IH_BEQUEST,7/2/24,,
5864251,IH_BEQUEST,7/2/24,,
5866488,IH_BEQUEST,7/2/24,,
100818392,IH_BEQUEST,7/2/24,,
56398878,IH_BEQUEST,7/2/24,,
56467582,IH_BEQUEST,7/2/24,,
100819320,IH_BEQUEST,7/2/24,,
56562002,IH_BEQUEST,7/2/24,,
56603970,IH_BEQUEST,7/2/24,,
5888565,IH_BEQUEST,7/2/24,,
9821331,IH_BEQUEST,7/2/24,,
2631828,IH_BEQUEST,7/2/24,,
56726789,IH_BEQUEST,7/2/24,,
56821978,IH_BEQUEST,7/2/24,,
56971575,IH_BEQUEST,7/2/24,,
100822093,IH_BEQUEST,7/2/24,,
100824933,IH_BEQUEST,7/2/24,,
57649972,IH_BEQUEST,7/2/24,,
5980198,IH_BEQUEST,7/2/24,,
2733202,IH_BEQUEST,7/2/24,,
100827016,IH_BEQUEST,7/2/24,,
5527601,IH_BEQUEST,7/2/24,,
57845976,IH_BEQUEST,7/2/24,,
6026256,IH_BEQUEST,7/2/24,,
100831281,IH_BEQUEST,7/2/24,,
58447012,IH_BEQUEST,7/2/24,,
5573985,IH_BEQUEST,7/2/24,,
100835903,IH_BEQUEST,7/2/24,,
10005577,IH_BEQUEST,7/2/24,,
5616552,IH_BEQUEST,7/2/24,,
100960599,IH_BEQUEST,7/2/24,,
74708587,IH_BEQUEST,7/2/24,,
74797986,IH_BEQUEST,7/2/24,,
74888579,IH_BEQUEST,7/2/24,,
59218800,IH_BEQUEST,7/2/24,,
5649553,IH_BEQUEST,7/2/24,,
5654157,IH_BEQUEST,7/2/24,,
10056091,IH_BEQUEST,7/2/24,,
74972977,IH_BEQUEST,7/2/24,,
100962224,IH_BEQUEST,7/2/24,,
100962639,IH_BEQUEST,7/2/24,,
10076008,IH_BEQUEST,7/2/24,,
6185730,IH_BEQUEST,7/2/24,,
10095677,IH_BEQUEST,7/2/24,,
100963396,IH_BEQUEST,7/2/24,,
100963494,IH_BEQUEST,7/2/24,,
10110336,IH_BEQUEST,7/2/24,,
100965795,IH_BEQUEST,7/2/24,,
6211015,IH_BEQUEST,7/2/24,,
75196147,IH_BEQUEST,7/2/24,,
59835975,IH_BEQUEST,7/2/24,,
59882175,IH_BEQUEST,7/2/24,,
10129187,IH_BEQUEST,7/2/24,,
75296665,IH_BEQUEST,7/2/24,,
75425991,IH_BEQUEST,7/2/24,,
75462580,IH_BEQUEST,7/2/24,,
60280971,IH_BEQUEST,7/2/24,,
5720214,IH_BEQUEST,7/2/24,,
75634782,IH_BEQUEST,7/2/24,,
75682971,IH_BEQUEST,7/2/24,,
75945170,IH_BEQUEST,7/2/24,,
75965582,IH_BEQUEST,7/2/24,,
75967778,IH_BEQUEST,7/2/24,,
60551173,IH_BEQUEST,7/2/24,,
60612983,IH_BEQUEST,7/2/24,,
60659752,IH_BEQUEST,7/2/24,,
60823572,IH_BEQUEST,7/2/24,,
61112876,IH_BEQUEST,7/2/24,,
61113072,IH_BEQUEST,7/2/24,,
6356711,IH_BEQUEST,7/2/24,,
6384812,IH_BEQUEST,7/2/24,,
5771951,IH_BEQUEST,7/2/24,,
49567571,IH_BEQUEST,7/2/24,,
77202778,IH_BEQUEST,7/2/24,,
6414502,IH_BEQUEST,7/2/24,,
5794334,IH_BEQUEST,7/2/24,,
5803929,IH_BEQUEST,7/2/24,,
61563771,IH_BEQUEST,7/2/24,,
61582581,IH_BEQUEST,7/2/24,,
61585378,IH_BEQUEST,7/2/24,,
77517373,IH_BEQUEST,7/2/24,,
61620175,IH_BEQUEST,7/2/24,,
61623153,IH_BEQUEST,7/2/24,,
77650794,IH_BEQUEST,7/2/24,,
50058973,IH_BEQUEST,7/2/24,,
77735587,IH_BEQUEST,7/2/24,,
77771384,IH_BEQUEST,7/2/24,,
77877058,IH_BEQUEST,7/2/24,,
50303775,IH_BEQUEST,7/2/24,,
61662763,IH_BEQUEST,7/2/24,,
6486278,IH_BEQUEST,7/2/24,,
78065976,IH_BEQUEST,7/2/24,,
61768164,IH_BEQUEST,7/2/24,,
10355030,IH_BEQUEST,7/2/24,,
10367258,IH_BEQUEST,7/2/24,,
78395811,IH_BEQUEST,7/2/24,,
78432374,IH_BEQUEST,7/2/24,,
6569115,IH_BEQUEST,7/2/24,,
6574719,IH_BEQUEST,7/2/24,,
78537370,IH_BEQUEST,7/2/24,,
50638576,IH_BEQUEST,7/2/24,,
78564986,IH_BEQUEST,7/2/24,,
78684578,IH_BEQUEST,7/2/24,,
6610893,IH_BEQUEST,7/2/24,,
78757572,IH_BEQUEST,7/2/24,,
61853305,IH_BEQUEST,7/2/24,,
50978790,IH_BEQUEST,7/2/24,,
6647804,IH_BEQUEST,7/2/24,,
62046370,IH_BEQUEST,7/2/24,,
79021374,IH_BEQUEST,7/2/24,,
51112332,IH_BEQUEST,7/2/24,,
51125177,IH_BEQUEST,7/2/24,,
6666804,IH_BEQUEST,7/2/24,,
62226972,IH_BEQUEST,7/2/24,,
79160990,IH_BEQUEST,7/2/24,,
62449376,IH_BEQUEST,7/2/24,,
6675219,IH_BEQUEST,7/2/24,,
6677066,IH_BEQUEST,7/2/24,,
51438588,IH_BEQUEST,7/2/24,,
10536928,IH_BEQUEST,7/2/24,,
63367783,IH_BEQUEST,7/2/24,,
63389787,IH_BEQUEST,7/2/24,,
63402192,IH_BEQUEST,7/2/24,,
52071578,IH_BEQUEST,7/2/24,,
6820195,IH_BEQUEST,7/2/24,,
63884878,IH_BEQUEST,7/2/24,,
10618056,IH_BEQUEST,7/2/24,,
63952956,IH_BEQUEST,7/2/24,,
64115975,IH_BEQUEST,7/2/24,,
64118193,IH_BEQUEST,7/2/24,,
64164387,IH_BEQUEST,7/2/24,,
101361950,IH_BEQUEST,7/2/24,,
101366707,IH_BEQUEST,7/2/24,,
68790096,IH_BEQUEST,7/2/24,,
68882919,IH_BEQUEST,7/2/24,,
69017770,IH_BEQUEST,7/2/24,,
52742772,IH_BEQUEST,7/2/24,,
52797651,IH_BEQUEST,7/2/24,,
52856770,IH_BEQUEST,7/2/24,,
69629970,IH_BEQUEST,7/2/24,,
69633790,IH_BEQUEST,7/2/24,,
69667574,IH_BEQUEST,7/2/24,,
69668176,IH_BEQUEST,7/2/24,,
69699973,IH_BEQUEST,7/2/24,,
69944395,IH_BEQUEST,7/2/24,,
53035424,IH_BEQUEST,7/2/24,,
53123378,IH_BEQUEST,7/2/24,,
10800449,IH_BEQUEST,7/2/24,,
10800712,IH_BEQUEST,7/2/24,,
70382437,IH_BEQUEST,7/2/24,,
71038780,IH_BEQUEST,7/2/24,,
71120570,IH_BEQUEST,7/2/24,,
71152573,IH_BEQUEST,7/2/24,,
71153084,IH_BEQUEST,7/2/24,,
71296602,IH_BEQUEST,7/2/24,,
71322184,IH_BEQUEST,7/2/24,,
4689469,IH_BEQUEST,7/2/24,,
53738183,IH_BEQUEST,7/2/24,,
71596779,IH_BEQUEST,7/2/24,,
71846778,IH_BEQUEST,7/2/24,,
71881973,IH_BEQUEST,7/2/24,,
71910376,IH_BEQUEST,7/2/24,,
71981773,IH_BEQUEST,7/2/24,,
72026784,IH_BEQUEST,7/2/24,,
72042575,IH_BEQUEST,7/2/24,,
72105216,IH_BEQUEST,7/2/24,,
72227572,IH_BEQUEST,7/2/24,,
4773016,IH_BEQUEST,7/2/24,,
20900668,IH_BEQUEST,7/2/24,,
72511371,IH_BEQUEST,7/2/24,,
72513179,IH_BEQUEST,7/2/24,,
72513377,IH_BEQUEST,7/2/24,,
72693179,IH_BEQUEST,7/2/24,,
72775778,IH_BEQUEST,7/2/24,,
72779176,IH_BEQUEST,7/2/24,,
72838972,IH_BEQUEST,7/2/24,,
72861370,IH_BEQUEST,7/2/24,,
72915978,IH_BEQUEST,7/2/24,,
72919178,IH_BEQUEST,7/2/24,,
54402771,IH_BEQUEST,7/2/24,,
54557970,IH_BEQUEST,7/2/24,,
73018376,IH_BEQUEST,7/2/24,,
54681374,IH_BEQUEST,7/2/24,,
73219974,IH_BEQUEST,7/2/24,,
73529570,IH_BEQUEST,7/2/24,,
4904637,IH_BEQUEST,7/2/24,,
73906372,IH_BEQUEST,7/2/24,,
55312375,IH_BEQUEST,7/2/24,,
55339170,IH_BEQUEST,7/2/24,,
4984415,IH_BEQUEST,7/2/24,,
55595383,IH_BEQUEST,7/2/24,,
6510,IH_BEQUEST,7/2/24,,
7476,IH_BEQUEST,7/2/24,,
33084,IH_BEQUEST,7/2/24,,
36913,IH_BEQUEST,7/2/24,,
40832,IH_BEQUEST,7/2/24,,
5046123,IH_BEQUEST,7/2/24,,
5069562,IH_BEQUEST,7/2/24,,
5080726,IH_BEQUEST,7/2/24,,
92106,IH_BEQUEST,7/2/24,,
127209,IH_BEQUEST,7/2/24,,
158915,IH_BEQUEST,7/2/24,,
21354790,IH_BEQUEST,7/2/24,,
194456,IH_BEQUEST,7/2/24,,
195040,IH_BEQUEST,7/2/24,,
212894,IH_BEQUEST,7/2/24,,
232553,IH_BEQUEST,7/2/24,,
257105,IH_BEQUEST,7/2/24,,
15426778,IH_BEQUEST,7/2/24,,
38879862,IH_BEQUEST,7/2/24,,
39019856,IH_BEQUEST,7/2/24,,
332692,IH_BEQUEST,7/2/24,,
333351,IH_BEQUEST,7/2/24,,
39110333,IH_BEQUEST,7/2/24,,
39303904,IH_BEQUEST,7/2/24,,
39458716,IH_BEQUEST,7/2/24,,
39501929,IH_BEQUEST,7/2/24,,
335752,IH_BEQUEST,7/2/24,,
336743,IH_BEQUEST,7/2/24,,
363721,IH_BEQUEST,7/2/24,,
39533641,IH_BEQUEST,7/2/24,,
57181596,IH_BEQUEST,7/2/24,,
39541602,IH_BEQUEST,7/2/24,,
39546981,IH_BEQUEST,7/2/24,,
402016,IH_BEQUEST,7/2/24,,
415109,IH_BEQUEST,7/2/24,,
479600,IH_BEQUEST,7/2/24,,
485169,IH_BEQUEST,7/2/24,,
495267,IH_BEQUEST,7/2/24,,
39616198,IH_BEQUEST,7/2/24,,
21629001,IH_BEQUEST,7/2/24,,
514273,IH_BEQUEST,7/2/24,,
514778,IH_BEQUEST,7/2/24,,
25419664,IH_BEQUEST,7/2/24,,
21651302,IH_BEQUEST,7/2/24,,
530832,IH_BEQUEST,7/2/24,,
542803,IH_BEQUEST,7/2/24,,
553776,IH_BEQUEST,7/2/24,,
567388,IH_BEQUEST,7/2/24,,
567503,IH_BEQUEST,7/2/24,,
573162,IH_BEQUEST,7/2/24,,
574202,IH_BEQUEST,7/2/24,,
584441,IH_BEQUEST,7/2/24,,
585018,IH_BEQUEST,7/2/24,,
615757,IH_BEQUEST,7/2/24,,
618967,IH_BEQUEST,7/2/24,,
636233,IH_BEQUEST,7/2/24,,
25520784,IH_BEQUEST,7/2/24,,
39746003,IH_BEQUEST,7/2/24,,
644526,IH_BEQUEST,7/2/24,,
674614,IH_BEQUEST,7/2/24,,
701870,IH_BEQUEST,7/2/24,,
710004,IH_BEQUEST,7/2/24,,
721837,IH_BEQUEST,7/2/24,,
39791587,IH_BEQUEST,7/2/24,,
724427,IH_BEQUEST,7/2/24,,
100983940,IH_BEQUEST,7/2/24,,
39821640,IH_BEQUEST,7/2/24,,
100989458,IH_BEQUEST,7/2/24,,
817585,IH_BEQUEST,7/2/24,,
854448,IH_BEQUEST,7/2/24,,
101293278,IH_BEQUEST,7/2/24,,
39902325,IH_BEQUEST,7/2/24,,
39921861,IH_BEQUEST,7/2/24,,
101008162,IH_BEQUEST,7/2/24,,
101016340,IH_BEQUEST,7/2/24,,
101294932,IH_BEQUEST,7/2/24,,
101295256,IH_BEQUEST,7/2/24,,
101295546,IH_BEQUEST,7/2/24,,
101295671,IH_BEQUEST,7/2/24,,
101296270,IH_BEQUEST,7/2/24,,
101299312,IH_BEQUEST,7/2/24,,
101299938,IH_BEQUEST,7/2/24,,
101299943,IH_BEQUEST,7/2/24,,
101301334,IH_BEQUEST,7/2/24,,
39973722,IH_BEQUEST,7/2/24,,
101036229,IH_BEQUEST,7/2/24,,
101044094,IH_BEQUEST,7/2/24,,
101045597,IH_BEQUEST,7/2/24,,
8132102,IH_BEQUEST,7/2/24,,
101049712,IH_BEQUEST,7/2/24,,
101052280,IH_BEQUEST,7/2/24,,
101054328,IH_BEQUEST,7/2/24,,
25860123,IH_BEQUEST,7/2/24,,
25864331,IH_BEQUEST,7/2/24,,
101058136,IH_BEQUEST,7/2/24,,
101061321,IH_BEQUEST,7/2/24,,
101061335,IH_BEQUEST,7/2/24,,
101061363,IH_BEQUEST,7/2/24,,
101071019,IH_BEQUEST,7/2/24,,
101071160,IH_BEQUEST,7/2/24,,
40026759,IH_BEQUEST,7/2/24,,
101071752,IH_BEQUEST,7/2/24,,
101071759,IH_BEQUEST,7/2/24,,
40058158,IH_BEQUEST,7/2/24,,
25894114,IH_BEQUEST,7/2/24,,
101073595,IH_BEQUEST,7/2/24,,
101074007,IH_BEQUEST,7/2/24,,
101074420,IH_BEQUEST,7/2/24,,
101075688,IH_BEQUEST,7/2/24,,
101076195,IH_BEQUEST,7/2/24,,
101076709,IH_BEQUEST,7/2/24,,
8236903,IH_BEQUEST,7/2/24,,
40073611,IH_BEQUEST,7/2/24,,
101078683,IH_BEQUEST,7/2/24,,
101079689,IH_BEQUEST,7/2/24,,
101080314,IH_BEQUEST,7/2/24,,
25983297,IH_BEQUEST,7/2/24,,
40137549,IH_BEQUEST,7/2/24,,
101083918,IH_BEQUEST,7/2/24,,
101086700,IH_BEQUEST,7/2/24,,
26011684,IH_BEQUEST,7/2/24,,
26011700,IH_BEQUEST,7/2/24,,
40223802,IH_BEQUEST,7/2/24,,
101325759,IH_BEQUEST,7/2/24,,
101091382,IH_BEQUEST,7/2/24,,
101094793,IH_BEQUEST,7/2/24,,
40282352,IH_BEQUEST,7/2/24,,
90595992,IH_BEQUEST,7/2/24,,
101097597,IH_BEQUEST,7/2/24,,
101332365,IH_BEQUEST,7/2/24,,
40304495,IH_BEQUEST,7/2/24,,
101337470,IH_BEQUEST,7/2/24,,
101113332,IH_BEQUEST,7/2/24,,
101113724,IH_BEQUEST,7/2/24,,
40348369,IH_BEQUEST,7/2/24,,
40357790,IH_BEQUEST,7/2/24,,
40366304,IH_BEQUEST,7/2/24,,
8557217,IH_BEQUEST,7/2/24,,
40405854,IH_BEQUEST,7/2/24,,
40481392,IH_BEQUEST,7/2/24,,
40489742,IH_BEQUEST,7/2/24,,
101141455,IH_BEQUEST,7/2/24,,
101150618,IH_BEQUEST,7/2/24,,
91315036,IH_BEQUEST,7/2/24,,
91329573,IH_BEQUEST,7/2/24,,
71333926,IH_BEQUEST,7/2/24,,
71337570,IH_BEQUEST,7/2/24,,
91438192,IH_BEQUEST,7/2/24,,
91443671,IH_BEQUEST,7/2/24,,
29520871,IH_BEQUEST,7/2/24,,
91508804,IH_BEQUEST,7/2/24,,
91531640,IH_BEQUEST,7/2/24,,
91556332,IH_BEQUEST,7/2/24,,
72927775,IH_BEQUEST,7/2/24,,
38530986,IH_BEQUEST,7/2/24,,
91561852,IH_BEQUEST,7/2/24,,
91646596,IH_BEQUEST,7/2/24,,
91653097,IH_BEQUEST,7/2/24,,
38606620,IH_BEQUEST,7/2/24,,
74139387,IH_BEQUEST,7/2/24,,
91716100,IH_BEQUEST,7/2/24,,
29830114,IH_BEQUEST,7/2/24,,
91734608,IH_BEQUEST,7/2/24,,
91738872,IH_BEQUEST,7/2/24,,
9003609,IH_BEQUEST,7/2/24,,
9017096,IH_BEQUEST,7/2/24,,
91973974,IH_BEQUEST,7/2/24,,
29928082,IH_BEQUEST,7/2/24,,
91990663,IH_BEQUEST,7/2/24,,
92017482,IH_BEQUEST,7/2/24,,
92029834,IH_BEQUEST,7/2/24,,
92030600,IH_BEQUEST,7/2/24,,
92039171,IH_BEQUEST,7/2/24,,
92047679,IH_BEQUEST,7/2/24,,
92095470,IH_BEQUEST,7/2/24,,
9097734,IH_BEQUEST,7/2/24,,
30063788,IH_BEQUEST,7/2/24,,
30138325,IH_BEQUEST,7/2/24,,
92181429,IH_BEQUEST,7/2/24,,
30174064,IH_BEQUEST,7/2/24,,
92207653,IH_BEQUEST,7/2/24,,
92210848,IH_BEQUEST,7/2/24,,
9168352,IH_BEQUEST,7/2/24,,
30191290,IH_BEQUEST,7/2/24,,
9195207,IH_BEQUEST,7/2/24,,
30269799,IH_BEQUEST,7/2/24,,
92259696,IH_BEQUEST,7/2/24,,
101165797,IH_BEQUEST,7/2/24,,
101167771,IH_BEQUEST,7/2/24,,
101167786,IH_BEQUEST,7/2/24,,
101167870,IH_BEQUEST,7/2/24,,
92296375,IH_BEQUEST,7/2/24,,
92311257,IH_BEQUEST,7/2/24,,
101175127,IH_BEQUEST,7/2/24,,
101177031,IH_BEQUEST,7/2/24,,
101177079,IH_BEQUEST,7/2/24,,
101177090,IH_BEQUEST,7/2/24,,
30294086,IH_BEQUEST,7/2/24,,
101179182,IH_BEQUEST,7/2/24,,
92321207,IH_BEQUEST,7/2/24,,
92329606,IH_BEQUEST,7/2/24,,
489518,IH_BEQUEST,7/2/24,,
92347905,IH_BEQUEST,7/2/24,,
101182225,IH_BEQUEST,7/2/24,,
101183573,IH_BEQUEST,7/2/24,,
101183609,IH_BEQUEST,7/2/24,,
101184553,IH_BEQUEST,7/2/24,,
101184555,IH_BEQUEST,7/2/24,,
92637693,IH_BEQUEST,7/2/24,,
30365019,IH_BEQUEST,7/2/24,,
101187439,IH_BEQUEST,7/2/24,,
101188558,IH_BEQUEST,7/2/24,,
30392104,IH_BEQUEST,7/2/24,,
92643881,IH_BEQUEST,7/2/24,,
92388438,IH_BEQUEST,7/2/24,,
92654151,IH_BEQUEST,7/2/24,,
92658814,IH_BEQUEST,7/2/24,,
101235726,IH_BEQUEST,7/2/24,,
101235992,IH_BEQUEST,7/2/24,,
92403492,IH_BEQUEST,7/2/24,,
20019642,IH_BEQUEST,7/2/24,,
101253382,IH_BEQUEST,7/2/24,,
101253394,IH_BEQUEST,7/2/24,,
101253399,IH_BEQUEST,7/2/24,,
101255070,IH_BEQUEST,7/2/24,,
101257375,IH_BEQUEST,7/2/24,,
101257388,IH_BEQUEST,7/2/24,,
101264543,IH_BEQUEST,7/2/24,,
101271053,IH_BEQUEST,7/2/24,,
92450824,IH_BEQUEST,7/2/24,,
92723857,IH_BEQUEST,7/2/24,,
92732304,IH_BEQUEST,7/2/24,,
92739325,IH_BEQUEST,7/2/24,,
92503150,IH_BEQUEST,7/2/24,,
92748029,IH_BEQUEST,7/2/24,,
92751403,IH_BEQUEST,7/2/24,,
101288406,IH_BEQUEST,7/2/24,,
101288468,IH_BEQUEST,7/2/24,,
101289650,IH_BEQUEST,7/2/24,,
92517812,IH_BEQUEST,7/2/24,,
92522440,IH_BEQUEST,7/2/24,,
92553858,IH_BEQUEST,7/2/24,,
92775238,IH_BEQUEST,7/2/24,,
92780121,IH_BEQUEST,7/2/24,,
92781236,IH_BEQUEST,7/2/24,,
20110839,IH_BEQUEST,7/2/24,,
20117271,IH_BEQUEST,7/2/24,,
92803899,IH_BEQUEST,7/2/24,,
92816115,IH_BEQUEST,7/2/24,,
92829050,IH_BEQUEST,7/2/24,,
92860121,IH_BEQUEST,7/2/24,,
92860139,IH_BEQUEST,7/2/24,,
92860147,IH_BEQUEST,7/2/24,,
20260394,IH_BEQUEST,7/2/24,,
92909886,IH_BEQUEST,7/2/24,,
92917871,IH_BEQUEST,7/2/24,,
20268983,IH_BEQUEST,7/2/24,,
92970243,IH_BEQUEST,7/2/24,,
93036507,IH_BEQUEST,7/2/24,,
93372886,IH_BEQUEST,7/2/24,,
93432938,IH_BEQUEST,7/2/24,,
93438190,IH_BEQUEST,7/2/24,,
93442648,IH_BEQUEST,7/2/24,,
94771789,IH_BEQUEST,7/2/24,,
20423489,IH_BEQUEST,7/2/24,,
93466407,IH_BEQUEST,7/2/24,,
20425435,IH_BEQUEST,7/2/24,,
94875846,IH_BEQUEST,7/2/24,,
93525434,IH_BEQUEST,7/2/24,,
20471215,IH_BEQUEST,7/2/24,,
94930773,IH_BEQUEST,7/2/24,,
93540557,IH_BEQUEST,7/2/24,,
93546638,IH_BEQUEST,7/2/24,,
93597433,IH_BEQUEST,7/2/24,,
93600971,IH_BEQUEST,7/2/24,,
93608040,IH_BEQUEST,7/2/24,,
93618122,IH_BEQUEST,7/2/24,,
93622033,IH_BEQUEST,7/2/24,,
20537304,IH_BEQUEST,7/2/24,,
93635779,IH_BEQUEST,7/2/24,,
93653244,IH_BEQUEST,7/2/24,,
95110466,IH_BEQUEST,7/2/24,,
23677438,IH_BEQUEST,7/2/24,,
93672061,IH_BEQUEST,7/2/24,,
93676559,IH_BEQUEST,7/2/24,,
20559191,IH_BEQUEST,7/2/24,,
93698033,IH_BEQUEST,7/2/24,,
93719169,IH_BEQUEST,7/2/24,,
93727519,IH_BEQUEST,7/2/24,,
93733996,IH_BEQUEST,7/2/24,,
20626297,IH_BEQUEST,7/2/24,,
20646170,IH_BEQUEST,7/2/24,,
93760502,IH_BEQUEST,7/2/24,,
93763191,IH_BEQUEST,7/2/24,,
95316113,IH_BEQUEST,7/2/24,,
95328068,IH_BEQUEST,7/2/24,,
93769891,IH_BEQUEST,7/2/24,,
93800514,IH_BEQUEST,7/2/24,,
93801215,IH_BEQUEST,7/2/24,,
93804979,IH_BEQUEST,7/2/24,,
93809770,IH_BEQUEST,7/2/24,,
93811131,IH_BEQUEST,7/2/24,,
93813004,IH_BEQUEST,7/2/24,,
93820132,IH_BEQUEST,7/2/24,,
93821452,IH_BEQUEST,7/2/24,,
95395240,IH_BEQUEST,7/2/24,,
95475034,IH_BEQUEST,7/2/24,,
93946234,IH_BEQUEST,7/2/24,,
93958239,IH_BEQUEST,7/2/24,,
95514931,IH_BEQUEST,7/2/24,,
95515680,IH_BEQUEST,7/2/24,,
95526893,IH_BEQUEST,7/2/24,,
95539557,IH_BEQUEST,7/2/24,,
95550786,IH_BEQUEST,7/2/24,,
95561056,IH_BEQUEST,7/2/24,,
95632014,IH_BEQUEST,7/2/24,,
95642260,IH_BEQUEST,7/2/24,,
94005261,IH_BEQUEST,7/2/24,,
94027570,IH_BEQUEST,7/2/24,,
95674461,IH_BEQUEST,7/2/24,,
95679379,IH_BEQUEST,7/2/24,,
95684585,IH_BEQUEST,7/2/24,,
95698247,IH_BEQUEST,7/2/24,,
94064300,IH_BEQUEST,7/2/24,,
94066164,IH_BEQUEST,7/2/24,,
95719902,IH_BEQUEST,7/2/24,,
95720124,IH_BEQUEST,7/2/24,,
95736096,IH_BEQUEST,7/2/24,,
95736674,IH_BEQUEST,7/2/24,,
24023079,IH_BEQUEST,7/2/24,,
95737581,IH_BEQUEST,7/2/24,,
24047920,IH_BEQUEST,7/2/24,,
24050767,IH_BEQUEST,7/2/24,,
95748943,IH_BEQUEST,7/2/24,,
95751285,IH_BEQUEST,7/2/24,,
95751368,IH_BEQUEST,7/2/24,,
95752036,IH_BEQUEST,7/2/24,,
95762837,IH_BEQUEST,7/2/24,,
95763033,IH_BEQUEST,7/2/24,,
95768438,IH_BEQUEST,7/2/24,,
94278819,IH_BEQUEST,7/2/24,,
95774428,IH_BEQUEST,7/2/24,,
95778809,IH_BEQUEST,7/2/24,,
94313152,IH_BEQUEST,7/2/24,,
95830436,IH_BEQUEST,7/2/24,,
95838298,IH_BEQUEST,7/2/24,,
95847638,IH_BEQUEST,7/2/24,,
95856605,IH_BEQUEST,7/2/24,,
95868618,IH_BEQUEST,7/2/24,,
95905238,IH_BEQUEST,7/2/24,,
94347283,IH_BEQUEST,7/2/24,,
94372638,IH_BEQUEST,7/2/24,,
94379831,IH_BEQUEST,7/2/24,,
94381423,IH_BEQUEST,7/2/24,,
94394335,IH_BEQUEST,7/2/24,,
95925285,IH_BEQUEST,7/2/24,,
94407665,IH_BEQUEST,7/2/24,,
94412632,IH_BEQUEST,7/2/24,,
94413101,IH_BEQUEST,7/2/24,,
94423266,IH_BEQUEST,7/2/24,,
94424330,IH_BEQUEST,7/2/24,,
96011226,IH_BEQUEST,7/2/24,,
94445525,IH_BEQUEST,7/2/24,,
96022975,IH_BEQUEST,7/2/24,,
94450236,IH_BEQUEST,7/2/24,,
94491180,IH_BEQUEST,7/2/24,,
94491461,IH_BEQUEST,7/2/24,,
94543436,IH_BEQUEST,7/2/24,,
96069257,IH_BEQUEST,7/2/24,,
96088836,IH_BEQUEST,7/2/24,,
96090691,IH_BEQUEST,7/2/24,,
96097316,IH_BEQUEST,7/2/24,,
96112974,IH_BEQUEST,7/2/24,,
94577970,IH_BEQUEST,7/2/24,,
94598497,IH_BEQUEST,7/2/24,,
96140355,IH_BEQUEST,7/2/24,,
96173232,IH_BEQUEST,7/2/24,,
96197686,IH_BEQUEST,7/2/24,,
96212303,IH_BEQUEST,7/2/24,,
96258439,IH_BEQUEST,7/2/24,,
24431413,IH_BEQUEST,7/2/24,,
96268511,IH_BEQUEST,7/2/24,,
24457517,IH_BEQUEST,7/2/24,,
24496879,IH_BEQUEST,7/2/24,,
24530461,IH_BEQUEST,7/2/24,,
96364146,IH_BEQUEST,7/2/24,,
96424445,IH_BEQUEST,7/2/24,,
24642746,IH_BEQUEST,7/2/24,,
96444740,IH_BEQUEST,7/2/24,,
96445416,IH_BEQUEST,7/2/24,,
96457635,IH_BEQUEST,7/2/24,,
96475835,IH_BEQUEST,7/2/24,,
96501036,IH_BEQUEST,7/2/24,,
17721176,IH_BEQUEST,7/2/24,,
17735754,IH_BEQUEST,7/2/24,,
96561972,IH_BEQUEST,7/2/24,,
96562947,IH_BEQUEST,7/2/24,,
17757337,IH_BEQUEST,7/2/24,,
17786252,IH_BEQUEST,7/2/24,,
96603873,IH_BEQUEST,7/2/24,,
96704754,IH_BEQUEST,7/2/24,,
96752043,IH_BEQUEST,7/2/24,,
96792965,IH_BEQUEST,7/2/24,,
18253120,IH_BEQUEST,7/2/24,,
18303776,IH_BEQUEST,7/2/24,,
18340190,IH_BEQUEST,7/2/24,,
18470773,IH_BEQUEST,7/2/24,,
18540435,IH_BEQUEST,7/2/24,,
18636357,IH_BEQUEST,7/2/24,,
6539522,IH_BEQUEST,7/2/24,,
18710517,IH_BEQUEST,7/2/24,,
18724146,IH_BEQUEST,7/2/24,,
18730705,IH_BEQUEST,7/2/24,,
19655257,IH_BEQUEST,7/2/24,,
19906205,IH_BEQUEST,7/2/24,,
30481048,IH_BEQUEST,7/2/24,,
30516678,IH_BEQUEST,7/2/24,,
30550867,IH_BEQUEST,7/2/24,,
30698617,IH_BEQUEST,7/2/24,,
30698641,IH_BEQUEST,7/2/24,,
30710305,IH_BEQUEST,7/2/24,,
30904445,IH_BEQUEST,7/2/24,,
30910863,IH_BEQUEST,7/2/24,,
30919260,IH_BEQUEST,7/2/24,,
30943583,IH_BEQUEST,7/2/24,,
25472275,IH_BEQUEST,7/2/24,,
64348725,IH_BEQUEST,7/2/24,,
64367592,IH_BEQUEST,7/2/24,,
64371578,IH_BEQUEST,7/2/24,,
100356721,IH_BEQUEST,7/2/24,,
100356948,IH_BEQUEST,7/2/24,,
64418619,IH_BEQUEST,7/2/24,,
64525397,IH_BEQUEST,7/2/24,,
64627805,IH_BEQUEST,7/2/24,,
64671811,IH_BEQUEST,7/2/24,,
64755382,IH_BEQUEST,7/2/24,,
100360659,IH_BEQUEST,7/2/24,,
100362959,IH_BEQUEST,7/2/24,,
64809973,IH_BEQUEST,7/2/24,,
100365193,IH_BEQUEST,7/2/24,,
100365228,IH_BEQUEST,7/2/24,,
100370024,IH_BEQUEST,7/2/24,,
100371765,IH_BEQUEST,7/2/24,,
100372532,IH_BEQUEST,7/2/24,,
65482770,IH_BEQUEST,7/2/24,,
100381680,IH_BEQUEST,7/2/24,,
100381738,IH_BEQUEST,7/2/24,,
100381740,IH_BEQUEST,7/2/24,,
65628984,IH_BEQUEST,7/2/24,,
65946782,IH_BEQUEST,7/2/24,,
66175910,IH_BEQUEST,7/2/24,,
66211681,IH_BEQUEST,7/2/24,,
66412644,IH_BEQUEST,7/2/24,,
100405628,IH_BEQUEST,7/2/24,,
100435287,IH_BEQUEST,7/2/24,,
100437772,IH_BEQUEST,7/2/24,,
100438941,IH_BEQUEST,7/2/24,,
66606930,IH_BEQUEST,7/2/24,,
100440413,IH_BEQUEST,7/2/24,,
100441436,IH_BEQUEST,7/2/24,,
100441442,IH_BEQUEST,7/2/24,,
100443638,IH_BEQUEST,7/2/24,,
67245787,IH_BEQUEST,7/2/24,,
100444452,IH_BEQUEST,7/2/24,,
100447417,IH_BEQUEST,7/2/24,,
100451077,IH_BEQUEST,7/2/24,,
67743955,IH_BEQUEST,7/2/24,,
67760025,IH_BEQUEST,7/2/24,,
100455956,IH_BEQUEST,7/2/24,,
67941377,IH_BEQUEST,7/2/24,,
68211127,IH_BEQUEST,7/2/24,,
68307768,IH_BEQUEST,7/2/24,,
100516728,IH_BEQUEST,7/2/24,,
100460846,IH_BEQUEST,7/2/24,,
100460927,IH_BEQUEST,7/2/24,,
100536246,IH_BEQUEST,7/2/24,,
100541597,IH_BEQUEST,7/2/24,,
100463554,IH_BEQUEST,7/2/24,,
68408293,IH_BEQUEST,7/2/24,,
68672583,IH_BEQUEST,7/2/24,,
100545134,IH_BEQUEST,7/2/24,,
74250226,IH_BEQUEST,7/2/24,,
74294794,IH_BEQUEST,7/2/24,,
74302787,IH_BEQUEST,7/2/24,,
74369042,IH_BEQUEST,7/2/24,,
74431040,IH_BEQUEST,7/2/24,,
74564832,IH_BEQUEST,7/2/24,,
74626177,IH_BEQUEST,7/2/24,,
74658972,IH_BEQUEST,7/2/24,,
100548814,IH_BEQUEST,7/2/24,,
100549990,IH_BEQUEST,7/2/24,,
100552357,IH_BEQUEST,7/2/24,,
100553531,IH_BEQUEST,7/2/24,,
100555185,IH_BEQUEST,7/2/24,,
100555786,IH_BEQUEST,7/2/24,,
100561915,IH_BEQUEST,7/2/24,,
100562124,IH_BEQUEST,7/2/24,,
100563471,IH_BEQUEST,7/2/24,,
100565086,IH_BEQUEST,7/2/24,,
100568541,IH_BEQUEST,7/2/24,,
100569499,IH_BEQUEST,7/2/24,,
100571770,IH_BEQUEST,7/2/24,,
48439772,IH_BEQUEST,7/2/24,,
100572019,IH_BEQUEST,7/2/24,,
100573487,IH_BEQUEST,7/2/24,,
100573845,IH_BEQUEST,7/2/24,,
100578391,IH_BEQUEST,7/2/24,,
100580221,IH_BEQUEST,7/2/24,,
100580618,IH_BEQUEST,7/2/24,,
100580634,IH_BEQUEST,7/2/24,,
100581769,IH_BEQUEST,7/2/24,,
100588039,IH_BEQUEST,7/2/24,,
100589613,IH_BEQUEST,7/2/24,,
100591329,IH_BEQUEST,7/2/24,,
100591563,IH_BEQUEST,7/2/24,,
100591954,IH_BEQUEST,7/2/24,,
100600842,IH_BEQUEST,7/2/24,,
26803767,IH_BEQUEST,7/2/24,,
100601365,IH_BEQUEST,7/2/24,,
100604159,IH_BEQUEST,7/2/24,,
100605147,IH_BEQUEST,7/2/24,,
100606013,IH_BEQUEST,7/2/24,,
26811224,IH_BEQUEST,7/2/24,,
26834168,IH_BEQUEST,7/2/24,,
26845255,IH_BEQUEST,7/2/24,,
100633323,IH_BEQUEST,7/2/24,,
26936765,IH_BEQUEST,7/2/24,,
100639936,IH_BEQUEST,7/2/24,,
26983619,IH_BEQUEST,7/2/24,,
100640512,IH_BEQUEST,7/2/24,,
100640554,IH_BEQUEST,7/2/24,,
100642254,IH_BEQUEST,7/2/24,,
100645078,IH_BEQUEST,7/2/24,,
100646205,IH_BEQUEST,7/2/24,,
100646800,IH_BEQUEST,7/2/24,,
100647819,IH_BEQUEST,7/2/24,,
91473231,IH_BEQUEST,7/2/24,,
91535799,IH_BEQUEST,7/2/24,,
27197946,IH_BEQUEST,7/2/24,,
27247857,IH_BEQUEST,7/2/24,,
27283589,IH_BEQUEST,7/2/24,,
96927702,IH_BEQUEST,7/2/24,,
96972161,IH_BEQUEST,7/2/24,,
7067416,IH_BEQUEST,7/2/24,,
97000681,IH_BEQUEST,7/2/24,,
97004741,IH_BEQUEST,7/2/24,,
97008429,IH_BEQUEST,7/2/24,,
97011035,IH_BEQUEST,7/2/24,,
97013627,IH_BEQUEST,7/2/24,,
27396316,IH_BEQUEST,7/2/24,,
97033658,IH_BEQUEST,7/2/24,,
100227961,IH_BEQUEST,7/2/24,,
100229337,IH_BEQUEST,7/2/24,,
100229966,IH_BEQUEST,7/2/24,,
100230247,IH_BEQUEST,7/2/24,,
97105639,IH_BEQUEST,7/2/24,,
7137730,IH_BEQUEST,7/2/24,,
97125660,IH_BEQUEST,7/2/24,,
97125678,IH_BEQUEST,7/2/24,,
97125686,IH_BEQUEST,7/2/24,,
97125702,IH_BEQUEST,7/2/24,,
97133847,IH_BEQUEST,7/2/24,,
97143556,IH_BEQUEST,7/2/24,,
97149637,IH_BEQUEST,7/2/24,,
97162234,IH_BEQUEST,7/2/24,,
97166714,IH_BEQUEST,7/2/24,,
100237449,IH_BEQUEST,7/2/24,,
100291172,IH_BEQUEST,7/2/24,,
7185366,IH_BEQUEST,7/2/24,,
100292990,IH_BEQUEST,7/2/24,,
100294022,IH_BEQUEST,7/2/24,,
100294028,IH_BEQUEST,7/2/24,,
100294030,IH_BEQUEST,7/2/24,,
7201544,IH_BEQUEST,7/2/24,,
7225212,IH_BEQUEST,7/2/24,,
100299031,IH_BEQUEST,7/2/24,,
33940453,IH_BEQUEST,7/2/24,,
27566447,IH_BEQUEST,7/2/24,,
100306857,IH_BEQUEST,7/2/24,,
97228852,IH_BEQUEST,7/2/24,,
100307387,IH_BEQUEST,7/2/24,,
100308418,IH_BEQUEST,7/2/24,,
100308432,IH_BEQUEST,7/2/24,,
100309608,IH_BEQUEST,7/2/24,,
100310793,IH_BEQUEST,7/2/24,,
97233845,IH_BEQUEST,7/2/24,,
97236830,IH_BEQUEST,7/2/24,,
97261838,IH_BEQUEST,7/2/24,,
97269336,IH_BEQUEST,7/2/24,,
100311789,IH_BEQUEST,7/2/24,,
100314125,IH_BEQUEST,7/2/24,,
100316173,IH_BEQUEST,7/2/24,,
35007139,IH_BEQUEST,7/2/24,,
100319784,IH_BEQUEST,7/2/24,,
35008712,IH_BEQUEST,7/2/24,,
97323117,IH_BEQUEST,7/2/24,,
97323273,IH_BEQUEST,7/2/24,,
35009755,IH_BEQUEST,7/2/24,,
97347769,IH_BEQUEST,7/2/24,,
100322435,IH_BEQUEST,7/2/24,,
97382253,IH_BEQUEST,7/2/24,,
100323912,IH_BEQUEST,7/2/24,,
97390231,IH_BEQUEST,7/2/24,,
100328263,IH_BEQUEST,7/2/24,,
100328369,IH_BEQUEST,7/2/24,,
97407589,IH_BEQUEST,7/2/24,,
97411383,IH_BEQUEST,7/2/24,,
100329242,IH_BEQUEST,7/2/24,,
100329682,IH_BEQUEST,7/2/24,,
100329938,IH_BEQUEST,7/2/24,,
100330060,IH_BEQUEST,7/2/24,,
100330972,IH_BEQUEST,7/2/24,,
100331373,IH_BEQUEST,7/2/24,,
28455400,IH_BEQUEST,7/2/24,,
100332086,IH_BEQUEST,7/2/24,,
100332110,IH_BEQUEST,7/2/24,,
100332181,IH_BEQUEST,7/2/24,,
100332725,IH_BEQUEST,7/2/24,,
100332729,IH_BEQUEST,7/2/24,,
100332793,IH_BEQUEST,7/2/24,,
100333229,IH_BEQUEST,7/2/24,,
100333275,IH_BEQUEST,7/2/24,,
97460596,IH_BEQUEST,7/2/24,,
100334417,IH_BEQUEST,7/2/24,,
100334458,IH_BEQUEST,7/2/24,,
97462873,IH_BEQUEST,7/2/24,,
97462931,IH_BEQUEST,7/2/24,,
97472526,IH_BEQUEST,7/2/24,,
97472559,IH_BEQUEST,7/2/24,,
35016646,IH_BEQUEST,7/2/24,,
35016866,IH_BEQUEST,7/2/24,,
100334822,IH_BEQUEST,7/2/24,,
97490502,IH_BEQUEST,7/2/24,,
97502645,IH_BEQUEST,7/2/24,,
100334940,IH_BEQUEST,7/2/24,,
100335219,IH_BEQUEST,7/2/24,,
35018073,IH_BEQUEST,7/2/24,,
100335432,IH_BEQUEST,7/2/24,,
100336059,IH_BEQUEST,7/2/24,,
100336354,IH_BEQUEST,7/2/24,,
97538342,IH_BEQUEST,7/2/24,,
97546527,IH_BEQUEST,7/2/24,,
27922715,IH_BEQUEST,7/2/24,,
27927185,IH_BEQUEST,7/2/24,,
97571913,IH_BEQUEST,7/2/24,,
35020427,IH_BEQUEST,7/2/24,,
100342926,IH_BEQUEST,7/2/24,,
97575435,IH_BEQUEST,7/2/24,,
97576045,IH_BEQUEST,7/2/24,,
97576052,IH_BEQUEST,7/2/24,,
35065044,IH_BEQUEST,7/2/24,,
27973601,IH_BEQUEST,7/2/24,,
27985480,IH_BEQUEST,7/2/24,,
27991744,IH_BEQUEST,7/2/24,,
28012086,IH_BEQUEST,7/2/24,,
97585467,IH_BEQUEST,7/2/24,,
97585475,IH_BEQUEST,7/2/24,,
97588438,IH_BEQUEST,7/2/24,,
97596407,IH_BEQUEST,7/2/24,,
97608269,IH_BEQUEST,7/2/24,,
97608863,IH_BEQUEST,7/2/24,,
97619589,IH_BEQUEST,7/2/24,,
97622633,IH_BEQUEST,7/2/24,,
100345333,IH_BEQUEST,7/2/24,,
100345665,IH_BEQUEST,7/2/24,,
100352097,IH_BEQUEST,7/2/24,,
28570273,IH_BEQUEST,7/2/24,,
35112861,IH_BEQUEST,7/2/24,,
97634430,IH_BEQUEST,7/2/24,,
35129659,IH_BEQUEST,7/2/24,,
97682306,IH_BEQUEST,7/2/24,,
28064749,IH_BEQUEST,7/2/24,,
97700504,IH_BEQUEST,7/2/24,,
97718423,IH_BEQUEST,7/2/24,,
35260769,IH_BEQUEST,7/2/24,,
35271246,IH_BEQUEST,7/2/24,,
9330127,IH_BEQUEST,7/2/24,,
28717544,IH_BEQUEST,7/2/24,,
28718815,IH_BEQUEST,7/2/24,,
35314095,IH_BEQUEST,7/2/24,,
28880391,IH_BEQUEST,7/2/24,,
97872766,IH_BEQUEST,7/2/24,,
1885409,IH_BEQUEST,7/2/24,,
28962587,IH_BEQUEST,7/2/24,,
35496348,IH_BEQUEST,7/2/24,,
9504788,IH_BEQUEST,7/2/24,,
29025590,IH_BEQUEST,7/2/24,,
29038270,IH_BEQUEST,7/2/24,,
29046786,IH_BEQUEST,7/2/24,,
35550029,IH_BEQUEST,7/2/24,,
29070505,IH_BEQUEST,7/2/24,,
35597236,IH_BEQUEST,7/2/24,,
35661040,IH_BEQUEST,7/2/24,,
35712793,IH_BEQUEST,7/2/24,,
11421369,IH_BEQUEST,7/2/24,,
11450905,IH_BEQUEST,7/2/24,,
33278433,IH_BEQUEST,7/2/24,,
33310160,IH_BEQUEST,7/2/24,,
33324013,IH_BEQUEST,7/2/24,,
11564150,IH_BEQUEST,7/2/24,,
13656996,IH_BEQUEST,7/2/24,,
33675778,IH_BEQUEST,7/2/24,,
33767955,IH_BEQUEST,7/2/24,,
33903972,IH_BEQUEST,7/2/24,,
98342959,IH_BEQUEST,7/2/24,,
18919530,IH_BEQUEST,7/2/24,,
98485865,IH_BEQUEST,7/2/24,,
16169492,IH_BEQUEST,7/2/24,,
16187833,IH_BEQUEST,7/2/24,,
98709223,IH_BEQUEST,7/2/24,,
19024868,IH_BEQUEST,7/2/24,,
98767874,IH_BEQUEST,7/2/24,,
2837789,IH_BEQUEST,7/2/24,,
2872323,IH_BEQUEST,7/2/24,,
98869597,IH_BEQUEST,7/2/24,,
16438079,IH_BEQUEST,7/2/24,,
35891415,IH_BEQUEST,7/2/24,,
2914752,IH_BEQUEST,7/2/24,,
2955136,IH_BEQUEST,7/2/24,,
14417133,IH_BEQUEST,7/2/24,,
19199926,IH_BEQUEST,7/2/24,,
19200187,IH_BEQUEST,7/2/24,,
98914286,IH_BEQUEST,7/2/24,,
14431506,IH_BEQUEST,7/2/24,,
2988970,IH_BEQUEST,7/2/24,,
2995199,IH_BEQUEST,7/2/24,,
19220789,IH_BEQUEST,7/2/24,,
98954795,IH_BEQUEST,7/2/24,,
19226224,IH_BEQUEST,7/2/24,,
19230291,IH_BEQUEST,7/2/24,,
99477838,IH_BEQUEST,7/2/24,,
99487068,IH_BEQUEST,7/2/24,,
35960210,IH_BEQUEST,7/2/24,,
84149632,IH_BEQUEST,7/2/24,,
35982180,IH_BEQUEST,7/2/24,,
14600837,IH_BEQUEST,7/2/24,,
36034569,IH_BEQUEST,7/2/24,,
99581431,IH_BEQUEST,7/2/24,,
99592834,IH_BEQUEST,7/2/24,,
36085991,IH_BEQUEST,7/2/24,,
3093259,IH_BEQUEST,7/2/24,,
3096799,IH_BEQUEST,7/2/24,,
36105450,IH_BEQUEST,7/2/24,,
36112399,IH_BEQUEST,7/2/24,,
99617656,IH_BEQUEST,7/2/24,,
99631269,IH_BEQUEST,7/2/24,,
19356427,IH_BEQUEST,7/2/24,,
99674434,IH_BEQUEST,7/2/24,,
99737025,IH_BEQUEST,7/2/24,,
99757106,IH_BEQUEST,7/2/24,,
36318624,IH_BEQUEST,7/2/24,,
36340701,IH_BEQUEST,7/2/24,,
41207374,IH_BEQUEST,7/2/24,,
97157507,IH_BEQUEST,7/2/24,,
41239492,IH_BEQUEST,7/2/24,,
40025769,IH_BEQUEST,7/2/24,,
41251927,IH_BEQUEST,7/2/24,,
41297755,IH_BEQUEST,7/2/24,,
41307331,IH_BEQUEST,7/2/24,,
19762483,IH_BEQUEST,7/2/24,,
41343740,IH_BEQUEST,7/2/24,,
41372988,IH_BEQUEST,7/2/24,,
41382599,IH_BEQUEST,7/2/24,,
41912577,IH_BEQUEST,7/2/24,,
43810779,IH_BEQUEST,7/2/24,,
44188779,IH_BEQUEST,7/2/24,,
44360576,IH_BEQUEST,7/2/24,,
44504173,IH_BEQUEST,7/2/24,,
44701373,IH_BEQUEST,7/2/24,,
45564176,IH_BEQUEST,7/2/24,,
45746575,IH_BEQUEST,7/2/24,,
45818176,IH_BEQUEST,7/2/24,,
7317142,IH_BEQUEST,7/2/24,,
22746168,IH_BEQUEST,7/2/24,,
40595449,IH_BEQUEST,7/2/24,,
7372071,IH_BEQUEST,7/2/24,,
26120014,IH_BEQUEST,7/2/24,,
26132514,IH_BEQUEST,7/2/24,,
40675720,IH_BEQUEST,7/2/24,,
7477417,IH_BEQUEST,7/2/24,,
40689333,IH_BEQUEST,7/2/24,,
40689945,IH_BEQUEST,7/2/24,,
40710865,IH_BEQUEST,7/2/24,,
22914618,IH_BEQUEST,7/2/24,,
22936561,IH_BEQUEST,7/2/24,,
7513914,IH_BEQUEST,7/2/24,,
40745432,IH_BEQUEST,7/2/24,,
40790115,IH_BEQUEST,7/2/24,,
26218859,IH_BEQUEST,7/2/24,,
31256431,IH_BEQUEST,7/2/24,,
7664220,IH_BEQUEST,7/2/24,,
7682867,IH_BEQUEST,7/2/24,,
7691066,IH_BEQUEST,7/2/24,,
31425713,IH_BEQUEST,7/2/24,,
7753361,IH_BEQUEST,7/2/24,,
31519242,IH_BEQUEST,7/2/24,,
7791601,IH_BEQUEST,7/2/24,,
31607401,IH_BEQUEST,7/2/24,,
33166752,IH_BEQUEST,7/2/24,,
26567008,IH_BEQUEST,7/2/24,,
31741580,IH_BEQUEST,7/2/24,,
36802999,IH_BEQUEST,7/2/24,,
36822013,IH_BEQUEST,7/2/24,,
36822591,IH_BEQUEST,7/2/24,,
36857530,IH_BEQUEST,7/2/24,,
36894988,IH_BEQUEST,7/2/24,,
37032687,IH_BEQUEST,7/2/24,,
32153256,IH_BEQUEST,7/2/24,,
37122512,IH_BEQUEST,7/2/24,,
37147584,IH_BEQUEST,7/2/24,,
37159241,IH_BEQUEST,7/2/24,,
32278103,IH_BEQUEST,7/2/24,,
32335903,IH_BEQUEST,7/2/24,,
37264850,IH_BEQUEST,7/2/24,,
32404147,IH_BEQUEST,7/2/24,,
32407405,IH_BEQUEST,7/2/24,,
37293420,IH_BEQUEST,7/2/24,,
37313566,IH_BEQUEST,7/2/24,,
37318441,IH_BEQUEST,7/2/24,,
32513236,IH_BEQUEST,7/2/24,,
37347564,IH_BEQUEST,7/2/24,,
32577702,IH_BEQUEST,7/2/24,,
37407814,IH_BEQUEST,7/2/24,,
37422698,IH_BEQUEST,7/2/24,,
37438306,IH_BEQUEST,7/2/24,,
12700936,IH_BEQUEST,7/2/24,,
37483187,IH_BEQUEST,7/2/24,,
37508405,IH_BEQUEST,7/2/24,,
12950945,IH_BEQUEST,7/2/24,,
37613890,IH_BEQUEST,7/2/24,,
7848781,IH_BEQUEST,7/2/24,,
7871437,IH_BEQUEST,7/2/24,,
7904576,IH_BEQUEST,7/2/24,,
3476694,IH_BEQUEST,7/2/24,,
3532314,IH_BEQUEST,7/2/24,,
3535630,IH_BEQUEST,7/2/24,,
3607207,IH_BEQUEST,7/2/24,,
3999224,IH_BEQUEST,7/2/24,,
4099172,IH_BEQUEST,7/2/24,,
4155206,IH_BEQUEST,7/2/24,,
3114881,IH_BEQUEST,7/2/24,,
4174249,IH_BEQUEST,7/2/24,,
3145455,IH_BEQUEST,7/2/24,,
3163300,IH_BEQUEST,7/2/24,,
3193661,IH_BEQUEST,7/2/24,,
3213824,IH_BEQUEST,7/2/24,,
4330262,IH_BEQUEST,7/2/24,,
3309275,IH_BEQUEST,7/2/24,,
3311297,IH_BEQUEST,7/2/24,,
3320140,IH_BEQUEST,7/2/24,,
966432,IH_BEQUEST,7/2/24,,
988873,IH_BEQUEST,7/2/24,,
3349602,IH_BEQUEST,7/2/24,,
3352044,IH_BEQUEST,7/2/24,,
1000371,IH_BEQUEST,7/2/24,,
3363942,IH_BEQUEST,7/2/24,,
3367877,IH_BEQUEST,7/2/24,,
4450326,IH_BEQUEST,7/2/24,,
1058049,IH_BEQUEST,7/2/24,,
1064971,IH_BEQUEST,7/2/24,,
1076793,IH_BEQUEST,7/2/24,,
1078971,IH_BEQUEST,7/2/24,,
1080928,IH_BEQUEST,7/2/24,,
1102516,IH_BEQUEST,7/2/24,,
1124981,IH_BEQUEST,7/2/24,,
1136779,IH_BEQUEST,7/2/24,,
4494464,IH_BEQUEST,7/2/24,,
1169515,IH_BEQUEST,7/2/24,,
1178151,IH_BEQUEST,7/2/24,,
1191469,IH_BEQUEST,7/2/24,,
1225135,IH_BEQUEST,7/2/24,,
1232602,IH_BEQUEST,7/2/24,,
1232990,IH_BEQUEST,7/2/24,,
1303783,IH_BEQUEST,7/2/24,,
1314889,IH_BEQUEST,7/2/24,,
4570123,IH_BEQUEST,7/2/24,,
1333202,IH_BEQUEST,7/2/24,,
4602744,IH_BEQUEST,7/2/24,,
4614608,IH_BEQUEST,7/2/24,,
4619441,IH_BEQUEST,7/2/24,,
4624540,IH_BEQUEST,7/2/24,,
1389444,IH_BEQUEST,7/2/24,,
40896599,IH_BEQUEST,7/2/24,,
40912370,IH_BEQUEST,7/2/24,,
31349343,IH_BEQUEST,7/2/24,,
40989402,IH_BEQUEST,7/2/24,,
17554528,IH_BEQUEST,7/2/24,,
93836674,IH_BEQUEST,7/2/24,,
41017948,IH_BEQUEST,7/2/24,,
93877033,IH_BEQUEST,7/2/24,,
41071655,IH_BEQUEST,7/2/24,,
41080805,IH_BEQUEST,7/2/24,,
41086083,IH_BEQUEST,7/2/24,,
41116559,IH_BEQUEST,7/2/24,,
41128562,IH_BEQUEST,7/2/24,,
41134297,IH_BEQUEST,7/2/24,,
41150871,IH_BEQUEST,7/2/24,,
41159005,IH_BEQUEST,7/2/24,,
17862533,IH_BEQUEST,7/2/24,,
17957416,IH_BEQUEST,7/2/24,,
23190234,IH_BEQUEST,7/2/24,,
16576647,IH_BEQUEST,7/2/24,,
16595464,IH_BEQUEST,7/2/24,,
16597197,IH_BEQUEST,7/2/24,,
16681983,IH_BEQUEST,7/2/24,,
16703464,IH_BEQUEST,7/2/24,,
77162584,IH_BEQUEST,7/2/24,,
16849564,IH_BEQUEST,7/2/24,,
78601531,IH_BEQUEST,7/2/24,,
16948424,IH_BEQUEST,7/2/24,,
17015983,IH_BEQUEST,7/2/24,,
17113655,IH_BEQUEST,7/2/24,,
13085550,IH_BEQUEST,7/2/24,,
17227307,IH_BEQUEST,7/2/24,,
1390665,IH_BEQUEST,7/2/24,,
17251901,IH_BEQUEST,7/2/24,,
80723778,IH_BEQUEST,7/2/24,,
3269081,IH_BEQUEST,7/2/24,,
5180450,IH_BEQUEST,7/2/24,,
3403938,IH_BEQUEST,7/2/24,,
41262296,IH_BEQUEST,7/2/24,,
3761673,IH_BEQUEST,7/2/24,,
19467612,IH_BEQUEST,7/2/24,,
99787889,IH_BEQUEST,7/2/24,,
99790032,IH_BEQUEST,7/2/24,,
99797631,IH_BEQUEST,7/2/24,,
99799231,IH_BEQUEST,7/2/24,,
99799439,IH_BEQUEST,7/2/24,,
99812836,IH_BEQUEST,7/2/24,,
99817470,IH_BEQUEST,7/2/24,,
99818635,IH_BEQUEST,7/2/24,,
99829244,IH_BEQUEST,7/2/24,,
99829731,IH_BEQUEST,7/2/24,,
99845455,IH_BEQUEST,7/2/24,,
99850943,IH_BEQUEST,7/2/24,,
99851248,IH_BEQUEST,7/2/24,,
99854234,IH_BEQUEST,7/2/24,,
99854465,IH_BEQUEST,7/2/24,,
99903361,IH_BEQUEST,7/2/24,,
99910044,IH_BEQUEST,7/2/24,,
99910432,IH_BEQUEST,7/2/24,,
99935207,IH_BEQUEST,7/2/24,,
99944126,IH_BEQUEST,7/2/24,,
99951923,IH_BEQUEST,7/2/24,,
99979767,IH_BEQUEST,7/2/24,,
99979783,IH_BEQUEST,7/2/24,,
100004534,IH_BEQUEST,7/2/24,,
100005730,IH_BEQUEST,7/2/24,,
100007275,IH_BEQUEST,7/2/24,,
100013421,IH_BEQUEST,7/2/24,,
100013705,IH_BEQUEST,7/2/24,,
100017823,IH_BEQUEST,7/2/24,,
100022710,IH_BEQUEST,7/2/24,,
100024996,IH_BEQUEST,7/2/24,,
100035646,IH_BEQUEST,7/2/24,,
100041670,IH_BEQUEST,7/2/24,,
100050998,IH_BEQUEST,7/2/24,,
100051143,IH_BEQUEST,7/2/24,,
100064240,IH_BEQUEST,7/2/24,,
100068631,IH_BEQUEST,7/2/24,,
100075031,IH_BEQUEST,7/2/24,,
100085370,IH_BEQUEST,7/2/24,,
100088235,IH_BEQUEST,7/2/24,,
100101204,IH_BEQUEST,7/2/24,,
100110874,IH_BEQUEST,7/2/24,,
100120499,IH_BEQUEST,7/2/24,,
100127111,IH_BEQUEST,7/2/24,,
100129776,IH_BEQUEST,7/2/24,,
100131564,IH_BEQUEST,7/2/24,,
100135518,IH_BEQUEST,7/2/24,,
100135675,IH_BEQUEST,7/2/24,,
100137505,IH_BEQUEST,7/2/24,,
100149434,IH_BEQUEST,7/2/24,,
100153248,IH_BEQUEST,7/2/24,,
100153982,IH_BEQUEST,7/2/24,,
100160171,IH_BEQUEST,7/2/24,,
100173183,IH_BEQUEST,7/2/24,,
100212975,IH_BEQUEST,7/2/24,,
100214585,IH_BEQUEST,7/2/24,,
100219255,IH_BEQUEST,7/2/24,,
100220659,IH_BEQUEST,7/2/24,,
100224755,IH_BEQUEST,7/2/24,,
100333517,IH_BEQUEST,7/2/24,,
36452969,IH_BEQUEST,7/2/24,,
36461093,IH_BEQUEST,7/2/24,,
36479970,IH_BEQUEST,7/2/24,,
36486173,IH_BEQUEST,7/2/24,,
36562049,IH_BEQUEST,7/2/24,,
36606275,IH_BEQUEST,7/2/24,,
36647097,IH_BEQUEST,7/2/24,,
36683183,IH_BEQUEST,7/2/24,,
7188857,IH_BEQUEST,7/2/24,,
7569403,IH_BEQUEST,7/2/24,,
7793524,IH_BEQUEST,7/2/24,,
32132961,IH_BEQUEST,7/2/24,,
59149302,IH_BEQUEST,7/2/24,,
65090979,IH_BEQUEST,7/2/24,,
65739781,IH_BEQUEST,7/2/24,,
10134328,IH_BEQUEST,7/2/24,,
28284032,IH_BEQUEST,7/2/24,,